0 verbose cli /opt/homebrew/Cellar/node/24.3.0/bin/node /opt/homebrew/bin/npm
1 info using npm@11.11.1
2 info using node@v24.3.0
3 silly config load:file:/opt/homebrew/lib/node_modules/npm/npmrc
4 silly config load:file:/Users/dannywchen/Documents/GitHub/my-wikipedia/.npmrc
5 silly config load:file:/Users/dannywchen/.npmrc
6 verbose config error loading user config Error: EPERM: operation not permitted, open '/Users/dannywchen/.npmrc'
6 verbose config     at async open (node:internal/fs/promises:640:25)
6 verbose config     at async readFile (node:internal/fs/promises:1244:14)
6 verbose config     at async #loadFile (/opt/homebrew/lib/node_modules/npm/node_modules/@npmcli/config/lib/index.js:639:5)
6 verbose config     at async Config.load (/opt/homebrew/lib/node_modules/npm/node_modules/@npmcli/config/lib/index.js:260:5)
6 verbose config     at async #load (/opt/homebrew/lib/node_modules/npm/lib/npm.js:95:5)
6 verbose config     at async Npm.load (/opt/homebrew/lib/node_modules/npm/lib/npm.js:77:14)
6 verbose config     at async module.exports (/opt/homebrew/lib/node_modules/npm/lib/cli/entry.js:36:37) {
6 verbose config   errno: -1,
6 verbose config   code: 'EPERM',
6 verbose config   syscall: 'open',
6 verbose config   path: '/Users/dannywchen/.npmrc'
6 verbose config }
7 silly config load:file:/opt/homebrew/etc/npmrc
8 verbose title npm install
9 verbose argv "install" "--cache" "./npm-cache"
10 verbose logfile logs-max:10 dir:/Users/dannywchen/Documents/GitHub/my-wikipedia/npm-cache/_logs/2026-04-30T05_02_41_262Z-
11 verbose logfile /Users/dannywchen/Documents/GitHub/my-wikipedia/npm-cache/_logs/2026-04-30T05_02_41_262Z-debug-0.log
12 silly logfile done cleaning log files
13 http fetch GET https://registry.npmjs.org/npm attempt 1 failed with ENOTFOUND
14 silly packumentCache heap:4496293888 maxSize:1124073472 maxEntrySize:562036736
15 silly idealTree buildDeps
16 silly reify mark retired [
16 silly reify   '/Users/dannywchen/Documents/GitHub/my-wikipedia/node_modules/agent-base'
16 silly reify ]
17 silly reify mark retired [
17 silly reify   '/Users/dannywchen/Documents/GitHub/my-wikipedia/node_modules/ansi-regex'
17 silly reify ]
18 silly reify mark retired [
18 silly reify   '/Users/dannywchen/Documents/GitHub/my-wikipedia/node_modules/ansi-styles'
18 silly reify ]
19 silly reify mark retired [
19 silly reify   '/Users/dannywchen/Documents/GitHub/my-wikipedia/node_modules/argparse'
19 silly reify ]
20 silly reify mark retired [
20 silly reify   '/Users/dannywchen/Documents/GitHub/my-wikipedia/node_modules/array-iterate'
20 silly reify ]
21 silly reify mark retired [ '/Users/dannywchen/Documents/GitHub/my-wikipedia/node_modules/bail' ]
22 silly reify mark retired [
22 silly reify   '/Users/dannywchen/Documents/GitHub/my-wikipedia/node_modules/balanced-match'
22 silly reify ]
23 silly reify mark retired [
23 silly reify   '/Users/dannywchen/Documents/GitHub/my-wikipedia/node_modules/base64-js'
23 silly reify ]
24 silly reify mark retired [
24 silly reify   '/Users/dannywchen/Documents/GitHub/my-wikipedia/node_modules/buffer'
24 silly reify ]
25 silly reify mark retired [
25 silly reify   '/Users/dannywchen/Documents/GitHub/my-wikipedia/node_modules/braces'
25 silly reify ]
26 silly reify mark retired [
26 silly reify   '/Users/dannywchen/Documents/GitHub/my-wikipedia/node_modules/buffer-builder'
26 silly reify ]
27 silly reify mark retired [
27 silly reify   '/Users/dannywchen/Documents/GitHub/my-wikipedia/node_modules/buffer-from'
27 silly reify ]
28 silly reify mark retired [
28 silly reify   '/Users/dannywchen/Documents/GitHub/my-wikipedia/node_modules/bytes'
28 silly reify ]
29 silly reify mark retired [
29 silly reify   '/Users/dannywchen/Documents/GitHub/my-wikipedia/node_modules/camelize'
29 silly reify ]
30 silly reify mark retired [
30 silly reify   '/Users/dannywchen/Documents/GitHub/my-wikipedia/node_modules/ccount'
30 silly reify ]
31 silly reify mark retired [
31 silly reify   '/Users/dannywchen/Documents/GitHub/my-wikipedia/node_modules/character-entities'
31 silly reify ]
32 silly reify mark retired [
32 silly reify   '/Users/dannywchen/Documents/GitHub/my-wikipedia/node_modules/character-entities-html4'
32 silly reify ]
33 silly reify mark retired [
33 silly reify   '/Users/dannywchen/Documents/GitHub/my-wikipedia/node_modules/character-entities-legacy'
33 silly reify ]
34 silly reify mark retired [
34 silly reify   '/Users/dannywchen/Documents/GitHub/my-wikipedia/node_modules/character-reference-invalid'
34 silly reify ]
35 silly reify mark retired [
35 silly reify   '/Users/dannywchen/Documents/GitHub/my-wikipedia/node_modules/citeproc'
35 silly reify ]
36 silly reify mark retired [
36 silly reify   '/Users/dannywchen/Documents/GitHub/my-wikipedia/node_modules/cliui'
36 silly reify ]
37 silly reify mark retired [
37 silly reify   '/Users/dannywchen/Documents/GitHub/my-wikipedia/node_modules/colorjs.io'
37 silly reify ]
38 silly reify mark retired [
38 silly reify   '/Users/dannywchen/Documents/GitHub/my-wikipedia/node_modules/color-name'
38 silly reify ]
39 silly reify mark retired [
39 silly reify   '/Users/dannywchen/Documents/GitHub/my-wikipedia/node_modules/comma-separated-tokens'
39 silly reify ]
40 silly reify mark retired [
40 silly reify   '/Users/dannywchen/Documents/GitHub/my-wikipedia/node_modules/commander'
40 silly reify ]
41 silly reify mark retired [
41 silly reify   '/Users/dannywchen/Documents/GitHub/my-wikipedia/node_modules/concat-map'
41 silly reify ]
42 silly reify mark retired [
42 silly reify   '/Users/dannywchen/Documents/GitHub/my-wikipedia/node_modules/content-disposition'
42 silly reify ]
43 silly reify mark retired [
43 silly reify   '/Users/dannywchen/Documents/GitHub/my-wikipedia/node_modules/cross-fetch'
43 silly reify ]
44 silly reify mark retired [
44 silly reify   '/Users/dannywchen/Documents/GitHub/my-wikipedia/node_modules/css-background-parser'
44 silly reify ]
45 silly reify mark retired [
45 silly reify   '/Users/dannywchen/Documents/GitHub/my-wikipedia/node_modules/css-box-shadow'
45 silly reify ]
46 silly reify mark retired [
46 silly reify   '/Users/dannywchen/Documents/GitHub/my-wikipedia/node_modules/css-color-keywords'
46 silly reify ]
47 silly reify mark retired [
47 silly reify   '/Users/dannywchen/Documents/GitHub/my-wikipedia/node_modules/css-gradient-parser'
47 silly reify ]
48 silly reify mark retired [
48 silly reify   '/Users/dannywchen/Documents/GitHub/my-wikipedia/node_modules/css-to-react-native'
48 silly reify ]
49 silly reify mark retired [
49 silly reify   '/Users/dannywchen/Documents/GitHub/my-wikipedia/node_modules/d3-array'
49 silly reify ]
50 silly reify mark retired [
50 silly reify   '/Users/dannywchen/Documents/GitHub/my-wikipedia/node_modules/d3-axis'
50 silly reify ]
51 silly reify mark retired [
51 silly reify   '/Users/dannywchen/Documents/GitHub/my-wikipedia/node_modules/d3-brush'
51 silly reify ]
52 silly reify mark retired [
52 silly reify   '/Users/dannywchen/Documents/GitHub/my-wikipedia/node_modules/d3-chord'
52 silly reify ]
53 silly reify mark retired [
53 silly reify   '/Users/dannywchen/Documents/GitHub/my-wikipedia/node_modules/d3-color'
53 silly reify ]
54 silly reify mark retired [
54 silly reify   '/Users/dannywchen/Documents/GitHub/my-wikipedia/node_modules/d3-contour'
54 silly reify ]
55 silly reify mark retired [
55 silly reify   '/Users/dannywchen/Documents/GitHub/my-wikipedia/node_modules/d3-delaunay'
55 silly reify ]
56 silly reify mark retired [
56 silly reify   '/Users/dannywchen/Documents/GitHub/my-wikipedia/node_modules/d3-dispatch'
56 silly reify ]
57 silly reify mark retired [
57 silly reify   '/Users/dannywchen/Documents/GitHub/my-wikipedia/node_modules/d3-drag'
57 silly reify ]
58 silly reify mark retired [
58 silly reify   '/Users/dannywchen/Documents/GitHub/my-wikipedia/node_modules/d3-dsv'
58 silly reify ]
59 silly reify mark retired [
59 silly reify   '/Users/dannywchen/Documents/GitHub/my-wikipedia/node_modules/d3-ease'
59 silly reify ]
60 silly reify mark retired [
60 silly reify   '/Users/dannywchen/Documents/GitHub/my-wikipedia/node_modules/d3-fetch'
60 silly reify ]
61 silly reify mark retired [
61 silly reify   '/Users/dannywchen/Documents/GitHub/my-wikipedia/node_modules/d3-force'
61 silly reify ]
62 silly reify mark retired [
62 silly reify   '/Users/dannywchen/Documents/GitHub/my-wikipedia/node_modules/d3-geo'
62 silly reify ]
63 silly reify mark retired [
63 silly reify   '/Users/dannywchen/Documents/GitHub/my-wikipedia/node_modules/d3-format'
63 silly reify ]
64 silly reify mark retired [
64 silly reify   '/Users/dannywchen/Documents/GitHub/my-wikipedia/node_modules/d3-hierarchy'
64 silly reify ]
65 silly reify mark retired [
65 silly reify   '/Users/dannywchen/Documents/GitHub/my-wikipedia/node_modules/d3-interpolate'
65 silly reify ]
66 silly reify mark retired [
66 silly reify   '/Users/dannywchen/Documents/GitHub/my-wikipedia/node_modules/d3-path'
66 silly reify ]
67 silly reify mark retired [
67 silly reify   '/Users/dannywchen/Documents/GitHub/my-wikipedia/node_modules/d3-polygon'
67 silly reify ]
68 silly reify mark retired [
68 silly reify   '/Users/dannywchen/Documents/GitHub/my-wikipedia/node_modules/d3-quadtree'
68 silly reify ]
69 silly reify mark retired [
69 silly reify   '/Users/dannywchen/Documents/GitHub/my-wikipedia/node_modules/d3-random'
69 silly reify ]
70 silly reify mark retired [
70 silly reify   '/Users/dannywchen/Documents/GitHub/my-wikipedia/node_modules/d3-scale'
70 silly reify ]
71 silly reify mark retired [
71 silly reify   '/Users/dannywchen/Documents/GitHub/my-wikipedia/node_modules/d3-scale-chromatic'
71 silly reify ]
72 silly reify mark retired [
72 silly reify   '/Users/dannywchen/Documents/GitHub/my-wikipedia/node_modules/d3-selection'
72 silly reify ]
73 silly reify mark retired [
73 silly reify   '/Users/dannywchen/Documents/GitHub/my-wikipedia/node_modules/d3-shape'
73 silly reify ]
74 silly reify mark retired [
74 silly reify   '/Users/dannywchen/Documents/GitHub/my-wikipedia/node_modules/d3-time'
74 silly reify ]
75 silly reify mark retired [
75 silly reify   '/Users/dannywchen/Documents/GitHub/my-wikipedia/node_modules/d3-time-format'
75 silly reify ]
76 silly reify mark retired [
76 silly reify   '/Users/dannywchen/Documents/GitHub/my-wikipedia/node_modules/d3-timer'
76 silly reify ]
77 silly reify mark retired [
77 silly reify   '/Users/dannywchen/Documents/GitHub/my-wikipedia/node_modules/d3-transition'
77 silly reify ]
78 silly reify mark retired [
78 silly reify   '/Users/dannywchen/Documents/GitHub/my-wikipedia/node_modules/d3-zoom'
78 silly reify ]
79 silly reify mark retired [
79 silly reify   '/Users/dannywchen/Documents/GitHub/my-wikipedia/node_modules/debug'
79 silly reify ]
80 silly reify mark retired [
80 silly reify   '/Users/dannywchen/Documents/GitHub/my-wikipedia/node_modules/decode-named-character-reference'
80 silly reify ]
81 silly reify mark retired [
81 silly reify   '/Users/dannywchen/Documents/GitHub/my-wikipedia/node_modules/delaunator'
81 silly reify ]
82 silly reify mark retired [
82 silly reify   '/Users/dannywchen/Documents/GitHub/my-wikipedia/node_modules/dequal'
82 silly reify ]
83 silly reify mark retired [
83 silly reify   '/Users/dannywchen/Documents/GitHub/my-wikipedia/node_modules/detect-libc'
83 silly reify ]
84 silly reify mark retired [
84 silly reify   '/Users/dannywchen/Documents/GitHub/my-wikipedia/node_modules/devlop'
84 silly reify ]
85 silly reify mark retired [
85 silly reify   '/Users/dannywchen/Documents/GitHub/my-wikipedia/node_modules/earcut'
85 silly reify ]
86 silly reify mark retired [
86 silly reify   '/Users/dannywchen/Documents/GitHub/my-wikipedia/node_modules/emoji-regex'
86 silly reify ]
87 silly reify mark retired [
87 silly reify   '/Users/dannywchen/Documents/GitHub/my-wikipedia/node_modules/emoji-regex-xs'
87 silly reify ]
88 silly reify mark retired [
88 silly reify   '/Users/dannywchen/Documents/GitHub/my-wikipedia/node_modules/entities'
88 silly reify ]
89 silly reify mark retired [
89 silly reify   '/Users/dannywchen/Documents/GitHub/my-wikipedia/node_modules/escalade'
89 silly reify ]
90 silly reify mark retired [
90 silly reify   '/Users/dannywchen/Documents/GitHub/my-wikipedia/node_modules/escape-html'
90 silly reify ]
91 silly reify mark retired [ '/Users/dannywchen/Documents/GitHub/my-wikipedia/node_modules/esm' ]
92 silly reify mark retired [
92 silly reify   '/Users/dannywchen/Documents/GitHub/my-wikipedia/node_modules/escape-string-regexp'
92 silly reify ]
93 silly reify mark retired [
93 silly reify   '/Users/dannywchen/Documents/GitHub/my-wikipedia/node_modules/esprima'
93 silly reify ]
94 silly reify mark retired [
94 silly reify   '/Users/dannywchen/Documents/GitHub/my-wikipedia/node_modules/estree-util-is-identifier-name'
94 silly reify ]
95 silly reify mark retired [
95 silly reify   '/Users/dannywchen/Documents/GitHub/my-wikipedia/node_modules/eventemitter3'
95 silly reify ]
96 silly reify mark retired [
96 silly reify   '/Users/dannywchen/Documents/GitHub/my-wikipedia/node_modules/extend'
96 silly reify ]
97 silly reify mark retired [
97 silly reify   '/Users/dannywchen/Documents/GitHub/my-wikipedia/node_modules/extend-shallow'
97 silly reify ]
98 silly reify mark retired [
98 silly reify   '/Users/dannywchen/Documents/GitHub/my-wikipedia/node_modules/fast-glob'
98 silly reify ]
99 silly reify mark retired [
99 silly reify   '/Users/dannywchen/Documents/GitHub/my-wikipedia/node_modules/fast-string-truncated-width'
99 silly reify ]
100 silly reify mark retired [
100 silly reify   '/Users/dannywchen/Documents/GitHub/my-wikipedia/node_modules/fastq'
100 silly reify ]
101 silly reify mark retired [
101 silly reify   '/Users/dannywchen/Documents/GitHub/my-wikipedia/node_modules/fault'
101 silly reify ]
102 silly reify mark retired [
102 silly reify   '/Users/dannywchen/Documents/GitHub/my-wikipedia/node_modules/fetch-ponyfill'
102 silly reify ]
103 silly reify mark retired [
103 silly reify   '/Users/dannywchen/Documents/GitHub/my-wikipedia/node_modules/fflate'
103 silly reify ]
104 silly reify mark retired [
104 silly reify   '/Users/dannywchen/Documents/GitHub/my-wikipedia/node_modules/fill-range'
104 silly reify ]
105 silly reify mark retired [
105 silly reify   '/Users/dannywchen/Documents/GitHub/my-wikipedia/node_modules/format'
105 silly reify ]
106 silly reify mark retired [
106 silly reify   '/Users/dannywchen/Documents/GitHub/my-wikipedia/node_modules/fsevents'
106 silly reify ]
107 silly reify mark retired [
107 silly reify   '/Users/dannywchen/Documents/GitHub/my-wikipedia/node_modules/function-bind'
107 silly reify ]
108 silly reify mark retired [
108 silly reify   '/Users/dannywchen/Documents/GitHub/my-wikipedia/node_modules/get-caller-file'
108 silly reify ]
109 silly reify mark retired [
109 silly reify   '/Users/dannywchen/Documents/GitHub/my-wikipedia/node_modules/get-east-asian-width'
109 silly reify ]
110 silly reify mark retired [
110 silly reify   '/Users/dannywchen/Documents/GitHub/my-wikipedia/node_modules/get-tsconfig'
110 silly reify ]
111 silly reify mark retired [
111 silly reify   '/Users/dannywchen/Documents/GitHub/my-wikipedia/node_modules/gifuct-js'
111 silly reify ]
112 silly reify mark retired [
112 silly reify   '/Users/dannywchen/Documents/GitHub/my-wikipedia/node_modules/glob-parent'
112 silly reify ]
113 silly reify mark retired [
113 silly reify   '/Users/dannywchen/Documents/GitHub/my-wikipedia/node_modules/has-flag'
113 silly reify ]
114 silly reify mark retired [
114 silly reify   '/Users/dannywchen/Documents/GitHub/my-wikipedia/node_modules/hasown'
114 silly reify ]
115 silly reify mark retired [
115 silly reify   '/Users/dannywchen/Documents/GitHub/my-wikipedia/node_modules/hast-util-from-dom'
115 silly reify ]
116 silly reify mark retired [
116 silly reify   '/Users/dannywchen/Documents/GitHub/my-wikipedia/node_modules/hast-util-from-html'
116 silly reify ]
117 silly reify mark retired [
117 silly reify   '/Users/dannywchen/Documents/GitHub/my-wikipedia/node_modules/hast-util-from-html-isomorphic'
117 silly reify ]
118 silly reify mark retired [
118 silly reify   '/Users/dannywchen/Documents/GitHub/my-wikipedia/node_modules/hast-util-from-parse5'
118 silly reify ]
119 silly reify mark retired [
119 silly reify   '/Users/dannywchen/Documents/GitHub/my-wikipedia/node_modules/hast-util-heading-rank'
119 silly reify ]
120 silly reify mark retired [
120 silly reify   '/Users/dannywchen/Documents/GitHub/my-wikipedia/node_modules/hast-util-is-element'
120 silly reify ]
121 silly reify mark retired [
121 silly reify   '/Users/dannywchen/Documents/GitHub/my-wikipedia/node_modules/hast-util-parse-selector'
121 silly reify ]
122 silly reify mark retired [
122 silly reify   '/Users/dannywchen/Documents/GitHub/my-wikipedia/node_modules/hast-util-raw'
122 silly reify ]
123 silly reify mark retired [
123 silly reify   '/Users/dannywchen/Documents/GitHub/my-wikipedia/node_modules/hast-util-to-text'
123 silly reify ]
124 silly reify mark retired [
124 silly reify   '/Users/dannywchen/Documents/GitHub/my-wikipedia/node_modules/hast-util-to-parse5'
124 silly reify ]
125 silly reify mark retired [
125 silly reify   '/Users/dannywchen/Documents/GitHub/my-wikipedia/node_modules/hast-util-whitespace'
125 silly reify ]
126 silly reify mark retired [
126 silly reify   '/Users/dannywchen/Documents/GitHub/my-wikipedia/node_modules/hastscript'
126 silly reify ]
127 silly reify mark retired [
127 silly reify   '/Users/dannywchen/Documents/GitHub/my-wikipedia/node_modules/hex-rgb'
127 silly reify ]
128 silly reify mark retired [
128 silly reify   '/Users/dannywchen/Documents/GitHub/my-wikipedia/node_modules/html-void-elements'
128 silly reify ]
129 silly reify mark retired [
129 silly reify   '/Users/dannywchen/Documents/GitHub/my-wikipedia/node_modules/https-proxy-agent'
129 silly reify ]
130 silly reify mark retired [
130 silly reify   '/Users/dannywchen/Documents/GitHub/my-wikipedia/node_modules/iconv-lite'
130 silly reify ]
131 silly reify mark retired [
131 silly reify   '/Users/dannywchen/Documents/GitHub/my-wikipedia/node_modules/ieee754'
131 silly reify ]
132 silly reify mark retired [
132 silly reify   '/Users/dannywchen/Documents/GitHub/my-wikipedia/node_modules/ignore'
132 silly reify ]
133 silly reify mark retired [
133 silly reify   '/Users/dannywchen/Documents/GitHub/my-wikipedia/node_modules/immutable'
133 silly reify ]
134 silly reify mark retired [
134 silly reify   '/Users/dannywchen/Documents/GitHub/my-wikipedia/node_modules/inline-style-parser'
134 silly reify ]
135 silly reify mark retired [
135 silly reify   '/Users/dannywchen/Documents/GitHub/my-wikipedia/node_modules/internmap'
135 silly reify ]
136 silly reify mark retired [
136 silly reify   '/Users/dannywchen/Documents/GitHub/my-wikipedia/node_modules/is-alphabetical'
136 silly reify ]
137 silly reify mark retired [
137 silly reify   '/Users/dannywchen/Documents/GitHub/my-wikipedia/node_modules/is-alphanumerical'
137 silly reify ]
138 silly reify mark retired [
138 silly reify   '/Users/dannywchen/Documents/GitHub/my-wikipedia/node_modules/is-core-module'
138 silly reify ]
139 silly reify mark retired [
139 silly reify   '/Users/dannywchen/Documents/GitHub/my-wikipedia/node_modules/is-decimal'
139 silly reify ]
140 silly reify mark retired [
140 silly reify   '/Users/dannywchen/Documents/GitHub/my-wikipedia/node_modules/is-extendable'
140 silly reify ]
141 silly reify mark retired [
141 silly reify   '/Users/dannywchen/Documents/GitHub/my-wikipedia/node_modules/is-extglob'
141 silly reify ]
142 silly reify mark retired [
142 silly reify   '/Users/dannywchen/Documents/GitHub/my-wikipedia/node_modules/is-glob'
142 silly reify ]
143 silly reify mark retired [
143 silly reify   '/Users/dannywchen/Documents/GitHub/my-wikipedia/node_modules/is-hexadecimal'
143 silly reify ]
144 silly reify mark retired [
144 silly reify   '/Users/dannywchen/Documents/GitHub/my-wikipedia/node_modules/is-number'
144 silly reify ]
145 silly reify mark retired [
145 silly reify   '/Users/dannywchen/Documents/GitHub/my-wikipedia/node_modules/is-path-inside'
145 silly reify ]
146 silly reify mark retired [
146 silly reify   '/Users/dannywchen/Documents/GitHub/my-wikipedia/node_modules/is-plain-obj'
146 silly reify ]
147 silly reify mark retired [
147 silly reify   '/Users/dannywchen/Documents/GitHub/my-wikipedia/node_modules/ismobilejs'
147 silly reify ]
148 silly reify mark retired [
148 silly reify   '/Users/dannywchen/Documents/GitHub/my-wikipedia/node_modules/js-binary-schema-parser'
148 silly reify ]
149 silly reify mark retired [
149 silly reify   '/Users/dannywchen/Documents/GitHub/my-wikipedia/node_modules/katex'
149 silly reify ]
150 silly reify mark retired [
150 silly reify   '/Users/dannywchen/Documents/GitHub/my-wikipedia/node_modules/kind-of'
150 silly reify ]
151 silly reify mark retired [
151 silly reify   '/Users/dannywchen/Documents/GitHub/my-wikipedia/node_modules/lightningcss-darwin-arm64'
151 silly reify ]
152 silly reify mark retired [
152 silly reify   '/Users/dannywchen/Documents/GitHub/my-wikipedia/node_modules/linebreak'
152 silly reify ]
153 silly reify mark retired [
153 silly reify   '/Users/dannywchen/Documents/GitHub/my-wikipedia/node_modules/longest-streak'
153 silly reify ]
154 silly reify mark retired [
154 silly reify   '/Users/dannywchen/Documents/GitHub/my-wikipedia/node_modules/markdown-table'
154 silly reify ]
155 silly reify mark retired [
155 silly reify   '/Users/dannywchen/Documents/GitHub/my-wikipedia/node_modules/mathjax-full'
155 silly reify ]
156 silly reify mark retired [
156 silly reify   '/Users/dannywchen/Documents/GitHub/my-wikipedia/node_modules/mdast-util-from-markdown'
156 silly reify ]
157 silly reify mark retired [
157 silly reify   '/Users/dannywchen/Documents/GitHub/my-wikipedia/node_modules/mdast-util-frontmatter'
157 silly reify ]
158 silly reify mark retired [
158 silly reify   '/Users/dannywchen/Documents/GitHub/my-wikipedia/node_modules/mdast-util-gfm'
158 silly reify ]
159 silly reify mark retired [
159 silly reify   '/Users/dannywchen/Documents/GitHub/my-wikipedia/node_modules/mdast-util-gfm-autolink-literal'
159 silly reify ]
160 silly reify mark retired [
160 silly reify   '/Users/dannywchen/Documents/GitHub/my-wikipedia/node_modules/mdast-util-gfm-footnote'
160 silly reify ]
161 silly reify mark retired [
161 silly reify   '/Users/dannywchen/Documents/GitHub/my-wikipedia/node_modules/mdast-util-gfm-strikethrough'
161 silly reify ]
162 silly reify mark retired [
162 silly reify   '/Users/dannywchen/Documents/GitHub/my-wikipedia/node_modules/mdast-util-gfm-table'
162 silly reify ]
163 silly reify mark retired [
163 silly reify   '/Users/dannywchen/Documents/GitHub/my-wikipedia/node_modules/mdast-util-gfm-task-list-item'
163 silly reify ]
164 silly reify mark retired [
164 silly reify   '/Users/dannywchen/Documents/GitHub/my-wikipedia/node_modules/mdast-util-math'
164 silly reify ]
165 silly reify mark retired [
165 silly reify   '/Users/dannywchen/Documents/GitHub/my-wikipedia/node_modules/mdast-util-mdx-expression'
165 silly reify ]
166 silly reify mark retired [
166 silly reify   '/Users/dannywchen/Documents/GitHub/my-wikipedia/node_modules/mdast-util-mdx-jsx'
166 silly reify ]
167 silly reify mark retired [
167 silly reify   '/Users/dannywchen/Documents/GitHub/my-wikipedia/node_modules/mdast-util-mdxjs-esm'
167 silly reify ]
168 silly reify mark retired [
168 silly reify   '/Users/dannywchen/Documents/GitHub/my-wikipedia/node_modules/mdast-util-newline-to-break'
168 silly reify ]
169 silly reify mark retired [
169 silly reify   '/Users/dannywchen/Documents/GitHub/my-wikipedia/node_modules/mdast-util-phrasing'
169 silly reify ]
170 silly reify mark retired [
170 silly reify   '/Users/dannywchen/Documents/GitHub/my-wikipedia/node_modules/mdast-util-to-markdown'
170 silly reify ]
171 silly reify mark retired [
171 silly reify   '/Users/dannywchen/Documents/GitHub/my-wikipedia/node_modules/merge2'
171 silly reify ]
172 silly reify mark retired [
172 silly reify   '/Users/dannywchen/Documents/GitHub/my-wikipedia/node_modules/mhchemparser'
172 silly reify ]
173 silly reify mark retired [
173 silly reify   '/Users/dannywchen/Documents/GitHub/my-wikipedia/node_modules/micromark'
173 silly reify ]
174 silly reify mark retired [
174 silly reify   '/Users/dannywchen/Documents/GitHub/my-wikipedia/node_modules/micromark-core-commonmark'
174 silly reify ]
175 silly reify mark retired [
175 silly reify   '/Users/dannywchen/Documents/GitHub/my-wikipedia/node_modules/micromark-extension-frontmatter'
175 silly reify ]
176 silly reify mark retired [
176 silly reify   '/Users/dannywchen/Documents/GitHub/my-wikipedia/node_modules/micromark-extension-gfm'
176 silly reify ]
177 silly reify mark retired [
177 silly reify   '/Users/dannywchen/Documents/GitHub/my-wikipedia/node_modules/micromark-extension-gfm-autolink-literal'
177 silly reify ]
178 silly reify mark retired [
178 silly reify   '/Users/dannywchen/Documents/GitHub/my-wikipedia/node_modules/micromark-extension-gfm-footnote'
178 silly reify ]
179 silly reify mark retired [
179 silly reify   '/Users/dannywchen/Documents/GitHub/my-wikipedia/node_modules/micromark-extension-gfm-table'
179 silly reify ]
180 silly reify mark retired [
180 silly reify   '/Users/dannywchen/Documents/GitHub/my-wikipedia/node_modules/micromark-extension-gfm-strikethrough'
180 silly reify ]
181 silly reify mark retired [
181 silly reify   '/Users/dannywchen/Documents/GitHub/my-wikipedia/node_modules/micromark-extension-gfm-tagfilter'
181 silly reify ]
182 silly reify mark retired [
182 silly reify   '/Users/dannywchen/Documents/GitHub/my-wikipedia/node_modules/micromark-extension-gfm-task-list-item'
182 silly reify ]
183 silly reify mark retired [
183 silly reify   '/Users/dannywchen/Documents/GitHub/my-wikipedia/node_modules/micromark-extension-math'
183 silly reify ]
184 silly reify mark retired [
184 silly reify   '/Users/dannywchen/Documents/GitHub/my-wikipedia/node_modules/micromark-factory-destination'
184 silly reify ]
185 silly reify mark retired [
185 silly reify   '/Users/dannywchen/Documents/GitHub/my-wikipedia/node_modules/micromark-factory-label'
185 silly reify ]
186 silly reify mark retired [
186 silly reify   '/Users/dannywchen/Documents/GitHub/my-wikipedia/node_modules/micromark-factory-space'
186 silly reify ]
187 silly reify mark retired [
187 silly reify   '/Users/dannywchen/Documents/GitHub/my-wikipedia/node_modules/micromark-factory-title'
187 silly reify ]
188 silly reify mark retired [
188 silly reify   '/Users/dannywchen/Documents/GitHub/my-wikipedia/node_modules/micromark-factory-whitespace'
188 silly reify ]
189 silly reify mark retired [
189 silly reify   '/Users/dannywchen/Documents/GitHub/my-wikipedia/node_modules/micromark-util-character'
189 silly reify ]
190 silly reify mark retired [
190 silly reify   '/Users/dannywchen/Documents/GitHub/my-wikipedia/node_modules/micromark-util-chunked'
190 silly reify ]
191 silly reify mark retired [
191 silly reify   '/Users/dannywchen/Documents/GitHub/my-wikipedia/node_modules/micromark-util-combine-extensions'
191 silly reify ]
192 silly reify mark retired [
192 silly reify   '/Users/dannywchen/Documents/GitHub/my-wikipedia/node_modules/micromark-util-classify-character'
192 silly reify ]
193 silly reify mark retired [
193 silly reify   '/Users/dannywchen/Documents/GitHub/my-wikipedia/node_modules/micromark-util-decode-string'
193 silly reify ]
194 silly reify mark retired [
194 silly reify   '/Users/dannywchen/Documents/GitHub/my-wikipedia/node_modules/micromark-util-decode-numeric-character-reference'
194 silly reify ]
195 silly reify mark retired [
195 silly reify   '/Users/dannywchen/Documents/GitHub/my-wikipedia/node_modules/micromark-util-encode'
195 silly reify ]
196 silly reify mark retired [
196 silly reify   '/Users/dannywchen/Documents/GitHub/my-wikipedia/node_modules/micromark-util-html-tag-name'
196 silly reify ]
197 silly reify mark retired [
197 silly reify   '/Users/dannywchen/Documents/GitHub/my-wikipedia/node_modules/micromark-util-normalize-identifier'
197 silly reify ]
198 silly reify mark retired [
198 silly reify   '/Users/dannywchen/Documents/GitHub/my-wikipedia/node_modules/micromark-util-resolve-all'
198 silly reify ]
199 silly reify mark retired [
199 silly reify   '/Users/dannywchen/Documents/GitHub/my-wikipedia/node_modules/micromark-util-sanitize-uri'
199 silly reify ]
200 silly reify mark retired [
200 silly reify   '/Users/dannywchen/Documents/GitHub/my-wikipedia/node_modules/micromark-util-subtokenize'
200 silly reify ]
201 silly reify mark retired [
201 silly reify   '/Users/dannywchen/Documents/GitHub/my-wikipedia/node_modules/micromark-util-symbol'
201 silly reify ]
202 silly reify mark retired [
202 silly reify   '/Users/dannywchen/Documents/GitHub/my-wikipedia/node_modules/micromark-util-types'
202 silly reify ]
203 silly reify mark retired [
203 silly reify   '/Users/dannywchen/Documents/GitHub/my-wikipedia/node_modules/micromatch'
203 silly reify ]
204 silly reify mark retired [
204 silly reify   '/Users/dannywchen/Documents/GitHub/my-wikipedia/node_modules/mime-db'
204 silly reify ]
205 silly reify mark retired [
205 silly reify   '/Users/dannywchen/Documents/GitHub/my-wikipedia/node_modules/mime-types'
205 silly reify ]
206 silly reify mark retired [
206 silly reify   '/Users/dannywchen/Documents/GitHub/my-wikipedia/node_modules/mj-context-menu'
206 silly reify ]
207 silly reify mark retired [ '/Users/dannywchen/Documents/GitHub/my-wikipedia/node_modules/moo' ]
208 silly reify mark retired [ '/Users/dannywchen/Documents/GitHub/my-wikipedia/node_modules/ms' ]
209 silly reify mark retired [
209 silly reify   '/Users/dannywchen/Documents/GitHub/my-wikipedia/node_modules/nlcst-to-string'
209 silly reify ]
210 silly reify mark retired [
210 silly reify   '/Users/dannywchen/Documents/GitHub/my-wikipedia/node_modules/node-addon-api'
210 silly reify ]
211 silly reify mark retired [
211 silly reify   '/Users/dannywchen/Documents/GitHub/my-wikipedia/node_modules/node-fetch'
211 silly reify ]
212 silly reify mark retired [
212 silly reify   '/Users/dannywchen/Documents/GitHub/my-wikipedia/node_modules/oniguruma-to-es'
212 silly reify ]
213 silly reify mark retired [ '/Users/dannywchen/Documents/GitHub/my-wikipedia/node_modules/pako' ]
214 silly reify mark retired [
214 silly reify   '/Users/dannywchen/Documents/GitHub/my-wikipedia/node_modules/parse-css-color'
214 silly reify ]
215 silly reify mark retired [
215 silly reify   '/Users/dannywchen/Documents/GitHub/my-wikipedia/node_modules/parse-entities'
215 silly reify ]
216 silly reify mark retired [
216 silly reify   '/Users/dannywchen/Documents/GitHub/my-wikipedia/node_modules/parse-latin'
216 silly reify ]
217 silly reify mark retired [
217 silly reify   '/Users/dannywchen/Documents/GitHub/my-wikipedia/node_modules/parse-numeric-range'
217 silly reify ]
218 silly reify mark retired [
218 silly reify   '/Users/dannywchen/Documents/GitHub/my-wikipedia/node_modules/parse-svg-path'
218 silly reify ]
219 silly reify mark retired [
219 silly reify   '/Users/dannywchen/Documents/GitHub/my-wikipedia/node_modules/parse5'
219 silly reify ]
220 silly reify mark retired [
220 silly reify   '/Users/dannywchen/Documents/GitHub/my-wikipedia/node_modules/path-is-inside'
220 silly reify ]
221 silly reify mark retired [
221 silly reify   '/Users/dannywchen/Documents/GitHub/my-wikipedia/node_modules/path-parse'
221 silly reify ]
222 silly reify mark retired [
222 silly reify   '/Users/dannywchen/Documents/GitHub/my-wikipedia/node_modules/path-to-regexp'
222 silly reify ]
223 silly reify mark retired [
223 silly reify   '/Users/dannywchen/Documents/GitHub/my-wikipedia/node_modules/picocolors'
223 silly reify ]
224 silly reify mark retired [
224 silly reify   '/Users/dannywchen/Documents/GitHub/my-wikipedia/node_modules/picomatch'
224 silly reify ]
225 silly reify mark retired [
225 silly reify   '/Users/dannywchen/Documents/GitHub/my-wikipedia/node_modules/postcss-value-parser'
225 silly reify ]
226 silly reify mark retired [
226 silly reify   '/Users/dannywchen/Documents/GitHub/my-wikipedia/node_modules/property-information'
226 silly reify ]
227 silly reify mark retired [
227 silly reify   '/Users/dannywchen/Documents/GitHub/my-wikipedia/node_modules/queue-microtask'
227 silly reify ]
228 silly reify mark retired [
228 silly reify   '/Users/dannywchen/Documents/GitHub/my-wikipedia/node_modules/range-parser'
228 silly reify ]
229 silly reify mark retired [
229 silly reify   '/Users/dannywchen/Documents/GitHub/my-wikipedia/node_modules/readdirp'
229 silly reify ]
230 silly reify mark retired [
230 silly reify   '/Users/dannywchen/Documents/GitHub/my-wikipedia/node_modules/regex'
230 silly reify ]
231 silly reify mark retired [
231 silly reify   '/Users/dannywchen/Documents/GitHub/my-wikipedia/node_modules/regex-recursion'
231 silly reify ]
232 silly reify mark retired [
232 silly reify   '/Users/dannywchen/Documents/GitHub/my-wikipedia/node_modules/regex-utilities'
232 silly reify ]
233 silly reify mark retired [
233 silly reify   '/Users/dannywchen/Documents/GitHub/my-wikipedia/node_modules/rehype-parse'
233 silly reify ]
234 silly reify mark retired [
234 silly reify   '/Users/dannywchen/Documents/GitHub/my-wikipedia/node_modules/remark-stringify'
234 silly reify ]
235 silly reify mark retired [
235 silly reify   '/Users/dannywchen/Documents/GitHub/my-wikipedia/node_modules/resolve'
235 silly reify ]
236 silly reify mark retired [
236 silly reify   '/Users/dannywchen/Documents/GitHub/my-wikipedia/node_modules/resolve-pkg-maps'
236 silly reify ]
237 silly reify mark retired [
237 silly reify   '/Users/dannywchen/Documents/GitHub/my-wikipedia/node_modules/retext-latin'
237 silly reify ]
238 silly reify mark retired [
238 silly reify   '/Users/dannywchen/Documents/GitHub/my-wikipedia/node_modules/retext'
238 silly reify ]
239 silly reify mark retired [
239 silly reify   '/Users/dannywchen/Documents/GitHub/my-wikipedia/node_modules/retext-smartypants'
239 silly reify ]
240 silly reify mark retired [
240 silly reify   '/Users/dannywchen/Documents/GitHub/my-wikipedia/node_modules/retext-stringify'
240 silly reify ]
241 silly reify mark retired [
241 silly reify   '/Users/dannywchen/Documents/GitHub/my-wikipedia/node_modules/reusify'
241 silly reify ]
242 silly reify mark retired [
242 silly reify   '/Users/dannywchen/Documents/GitHub/my-wikipedia/node_modules/robust-predicates'
242 silly reify ]
243 silly reify mark retired [
243 silly reify   '/Users/dannywchen/Documents/GitHub/my-wikipedia/node_modules/run-parallel'
243 silly reify ]
244 silly reify mark retired [ '/Users/dannywchen/Documents/GitHub/my-wikipedia/node_modules/rw' ]
245 silly reify mark retired [ '/Users/dannywchen/Documents/GitHub/my-wikipedia/node_modules/rxjs' ]
246 silly reify mark retired [
246 silly reify   '/Users/dannywchen/Documents/GitHub/my-wikipedia/node_modules/safer-buffer'
246 silly reify ]
247 silly reify mark retired [ '/Users/dannywchen/Documents/GitHub/my-wikipedia/node_modules/sass' ]
248 silly reify mark retired [
248 silly reify   '/Users/dannywchen/Documents/GitHub/my-wikipedia/node_modules/sass-embedded'
248 silly reify ]
249 silly reify mark retired [
249 silly reify   '/Users/dannywchen/Documents/GitHub/my-wikipedia/node_modules/sass-embedded-darwin-arm64'
249 silly reify ]
250 silly reify mark retired [
250 silly reify   '/Users/dannywchen/Documents/GitHub/my-wikipedia/node_modules/section-matter'
250 silly reify ]
251 silly reify mark retired [
251 silly reify   '/Users/dannywchen/Documents/GitHub/my-wikipedia/node_modules/semver'
251 silly reify ]
252 silly reify mark retired [
252 silly reify   '/Users/dannywchen/Documents/GitHub/my-wikipedia/node_modules/sisteransi'
252 silly reify ]
253 silly reify mark retired [
253 silly reify   '/Users/dannywchen/Documents/GitHub/my-wikipedia/node_modules/slash'
253 silly reify ]
254 silly reify mark retired [
254 silly reify   '/Users/dannywchen/Documents/GitHub/my-wikipedia/node_modules/source-map'
254 silly reify ]
255 silly reify mark retired [
255 silly reify   '/Users/dannywchen/Documents/GitHub/my-wikipedia/node_modules/source-map-js'
255 silly reify ]
256 silly reify mark retired [
256 silly reify   '/Users/dannywchen/Documents/GitHub/my-wikipedia/node_modules/space-separated-tokens'
256 silly reify ]
257 silly reify mark retired [
257 silly reify   '/Users/dannywchen/Documents/GitHub/my-wikipedia/node_modules/speech-rule-engine'
257 silly reify ]
258 silly reify mark retired [
258 silly reify   '/Users/dannywchen/Documents/GitHub/my-wikipedia/node_modules/sprintf-js'
258 silly reify ]
259 silly reify mark retired [
259 silly reify   '/Users/dannywchen/Documents/GitHub/my-wikipedia/node_modules/string-width'
259 silly reify ]
260 silly reify mark retired [
260 silly reify   '/Users/dannywchen/Documents/GitHub/my-wikipedia/node_modules/string.prototype.codepointat'
260 silly reify ]
261 silly reify mark retired [
261 silly reify   '/Users/dannywchen/Documents/GitHub/my-wikipedia/node_modules/strip-ansi'
261 silly reify ]
262 silly reify mark retired [
262 silly reify   '/Users/dannywchen/Documents/GitHub/my-wikipedia/node_modules/stringify-entities'
262 silly reify ]
263 silly reify mark retired [
263 silly reify   '/Users/dannywchen/Documents/GitHub/my-wikipedia/node_modules/strip-bom-string'
263 silly reify ]
264 silly reify mark retired [
264 silly reify   '/Users/dannywchen/Documents/GitHub/my-wikipedia/node_modules/style-to-js'
264 silly reify ]
265 silly reify mark retired [
265 silly reify   '/Users/dannywchen/Documents/GitHub/my-wikipedia/node_modules/style-to-object'
265 silly reify ]
266 silly reify mark retired [
266 silly reify   '/Users/dannywchen/Documents/GitHub/my-wikipedia/node_modules/supports-color'
266 silly reify ]
267 silly reify mark retired [
267 silly reify   '/Users/dannywchen/Documents/GitHub/my-wikipedia/node_modules/supports-preserve-symlinks-flag'
267 silly reify ]
268 silly reify mark retired [
268 silly reify   '/Users/dannywchen/Documents/GitHub/my-wikipedia/node_modules/sync-child-process'
268 silly reify ]
269 silly reify mark retired [
269 silly reify   '/Users/dannywchen/Documents/GitHub/my-wikipedia/node_modules/sync-fetch'
269 silly reify ]
270 silly reify mark retired [
270 silly reify   '/Users/dannywchen/Documents/GitHub/my-wikipedia/node_modules/sync-message-port'
270 silly reify ]
271 silly reify mark retired [
271 silly reify   '/Users/dannywchen/Documents/GitHub/my-wikipedia/node_modules/tiny-inflate'
271 silly reify ]
272 silly reify mark retired [
272 silly reify   '/Users/dannywchen/Documents/GitHub/my-wikipedia/node_modules/tiny-lru'
272 silly reify ]
273 silly reify mark retired [
273 silly reify   '/Users/dannywchen/Documents/GitHub/my-wikipedia/node_modules/to-regex-range'
273 silly reify ]
274 silly reify mark retired [
274 silly reify   '/Users/dannywchen/Documents/GitHub/my-wikipedia/node_modules/trim-lines'
274 silly reify ]
275 silly reify mark retired [
275 silly reify   '/Users/dannywchen/Documents/GitHub/my-wikipedia/node_modules/trough'
275 silly reify ]
276 silly reify mark retired [
276 silly reify   '/Users/dannywchen/Documents/GitHub/my-wikipedia/node_modules/tslib'
276 silly reify ]
277 silly reify mark retired [
277 silly reify   '/Users/dannywchen/Documents/GitHub/my-wikipedia/node_modules/undici-types'
277 silly reify ]
278 silly reify mark retired [
278 silly reify   '/Users/dannywchen/Documents/GitHub/my-wikipedia/node_modules/unicode-trie'
278 silly reify ]
279 silly reify mark retired [
279 silly reify   '/Users/dannywchen/Documents/GitHub/my-wikipedia/node_modules/unicorn-magic'
279 silly reify ]
280 silly reify mark retired [
280 silly reify   '/Users/dannywchen/Documents/GitHub/my-wikipedia/node_modules/unist-util-find-after'
280 silly reify ]
281 silly reify mark retired [
281 silly reify   '/Users/dannywchen/Documents/GitHub/my-wikipedia/node_modules/unist-util-is'
281 silly reify ]
282 silly reify mark retired [
282 silly reify   '/Users/dannywchen/Documents/GitHub/my-wikipedia/node_modules/unist-util-modify-children'
282 silly reify ]
283 silly reify mark retired [
283 silly reify   '/Users/dannywchen/Documents/GitHub/my-wikipedia/node_modules/unist-util-position'
283 silly reify ]
284 silly reify mark retired [
284 silly reify   '/Users/dannywchen/Documents/GitHub/my-wikipedia/node_modules/unist-util-remove-position'
284 silly reify ]
285 silly reify mark retired [
285 silly reify   '/Users/dannywchen/Documents/GitHub/my-wikipedia/node_modules/unist-util-visit-children'
285 silly reify ]
286 silly reify mark retired [
286 silly reify   '/Users/dannywchen/Documents/GitHub/my-wikipedia/node_modules/unist-util-visit-parents'
286 silly reify ]
287 silly reify mark retired [
287 silly reify   '/Users/dannywchen/Documents/GitHub/my-wikipedia/node_modules/varint'
287 silly reify ]
288 silly reify mark retired [
288 silly reify   '/Users/dannywchen/Documents/GitHub/my-wikipedia/node_modules/vfile-location'
288 silly reify ]
289 silly reify mark retired [
289 silly reify   '/Users/dannywchen/Documents/GitHub/my-wikipedia/node_modules/web-namespaces'
289 silly reify ]
290 silly reify mark retired [
290 silly reify   '/Users/dannywchen/Documents/GitHub/my-wikipedia/node_modules/wicked-good-xpath'
290 silly reify ]
291 silly reify mark retired [
291 silly reify   '/Users/dannywchen/Documents/GitHub/my-wikipedia/node_modules/xmldom-sre'
291 silly reify ]
292 silly reify mark retired [
292 silly reify   '/Users/dannywchen/Documents/GitHub/my-wikipedia/node_modules/wrap-ansi'
292 silly reify ]
293 silly reify mark retired [ '/Users/dannywchen/Documents/GitHub/my-wikipedia/node_modules/y18n' ]
294 silly reify mark retired [
294 silly reify   '/Users/dannywchen/Documents/GitHub/my-wikipedia/node_modules/yargs-parser'
294 silly reify ]
295 silly reify mark retired [
295 silly reify   '/Users/dannywchen/Documents/GitHub/my-wikipedia/node_modules/yoga-layout'
295 silly reify ]
296 silly reify mark retired [
296 silly reify   '/Users/dannywchen/Documents/GitHub/my-wikipedia/node_modules/zwitch'
296 silly reify ]
297 silly reify mark retired [
297 silly reify   '/Users/dannywchen/Documents/GitHub/my-wikipedia/node_modules/@bufbuild/protobuf'
297 silly reify ]
298 silly reify mark retired [
298 silly reify   '/Users/dannywchen/Documents/GitHub/my-wikipedia/node_modules/@citation-js/core'
298 silly reify ]
299 silly reify mark retired [
299 silly reify   '/Users/dannywchen/Documents/GitHub/my-wikipedia/node_modules/@citation-js/date'
299 silly reify ]
300 silly reify mark retired [
300 silly reify   '/Users/dannywchen/Documents/GitHub/my-wikipedia/node_modules/@citation-js/name'
300 silly reify ]
301 silly reify mark retired [
301 silly reify   '/Users/dannywchen/Documents/GitHub/my-wikipedia/node_modules/@citation-js/plugin-bibjson'
301 silly reify ]
302 silly reify mark retired [
302 silly reify   '/Users/dannywchen/Documents/GitHub/my-wikipedia/node_modules/@citation-js/plugin-bibtex'
302 silly reify ]
303 silly reify mark retired [
303 silly reify   '/Users/dannywchen/Documents/GitHub/my-wikipedia/node_modules/@citation-js/plugin-csl'
303 silly reify ]
304 silly reify mark retired [
304 silly reify   '/Users/dannywchen/Documents/GitHub/my-wikipedia/node_modules/@clack/core'
304 silly reify ]
305 silly reify mark retired [
305 silly reify   '/Users/dannywchen/Documents/GitHub/my-wikipedia/node_modules/@esbuild/darwin-arm64'
305 silly reify ]
306 silly reify mark retired [
306 silly reify   '/Users/dannywchen/Documents/GitHub/my-wikipedia/node_modules/@floating-ui/core'
306 silly reify ]
307 silly reify mark retired [
307 silly reify   '/Users/dannywchen/Documents/GitHub/my-wikipedia/node_modules/@floating-ui/utils'
307 silly reify ]
308 silly reify mark retired [
308 silly reify   '/Users/dannywchen/Documents/GitHub/my-wikipedia/node_modules/@img/colour'
308 silly reify ]
309 silly reify mark retired [
309 silly reify   '/Users/dannywchen/Documents/GitHub/my-wikipedia/node_modules/@img/sharp-darwin-arm64'
309 silly reify ]
310 silly reify mark retired [
310 silly reify   '/Users/dannywchen/Documents/GitHub/my-wikipedia/node_modules/@img/sharp-libvips-darwin-arm64'
310 silly reify ]
311 silly reify mark retired [
311 silly reify   '/Users/dannywchen/Documents/GitHub/my-wikipedia/node_modules/@isaacs/balanced-match'
311 silly reify ]
312 silly reify mark retired [
312 silly reify   '/Users/dannywchen/Documents/GitHub/my-wikipedia/node_modules/@isaacs/brace-expansion'
312 silly reify ]
313 silly reify mark retired [
313 silly reify   '/Users/dannywchen/Documents/GitHub/my-wikipedia/node_modules/@myriaddreamin/typst-ts-node-compiler'
313 silly reify ]
314 silly reify mark retired [
314 silly reify   '/Users/dannywchen/Documents/GitHub/my-wikipedia/node_modules/@myriaddreamin/typst-ts-node-compiler-darwin-arm64'
314 silly reify ]
315 silly reify mark retired [
315 silly reify   '/Users/dannywchen/Documents/GitHub/my-wikipedia/node_modules/@napi-rs/simple-git-darwin-arm64'
315 silly reify ]
316 silly reify mark retired [
316 silly reify   '/Users/dannywchen/Documents/GitHub/my-wikipedia/node_modules/@nodelib/fs.scandir'
316 silly reify ]
317 silly reify mark retired [
317 silly reify   '/Users/dannywchen/Documents/GitHub/my-wikipedia/node_modules/@nodelib/fs.stat'
317 silly reify ]
318 silly reify mark retired [
318 silly reify   '/Users/dannywchen/Documents/GitHub/my-wikipedia/node_modules/@nodelib/fs.walk'
318 silly reify ]
319 silly reify mark retired [
319 silly reify   '/Users/dannywchen/Documents/GitHub/my-wikipedia/node_modules/@parcel/watcher'
319 silly reify ]
320 silly reify mark retired [
320 silly reify   '/Users/dannywchen/Documents/GitHub/my-wikipedia/node_modules/@parcel/watcher-darwin-arm64'
320 silly reify ]
321 silly reify mark retired [
321 silly reify   '/Users/dannywchen/Documents/GitHub/my-wikipedia/node_modules/@pixi/colord'
321 silly reify ]
322 silly reify mark retired [
322 silly reify   '/Users/dannywchen/Documents/GitHub/my-wikipedia/node_modules/@sindresorhus/merge-streams'
322 silly reify ]
323 silly reify mark retired [
323 silly reify   '/Users/dannywchen/Documents/GitHub/my-wikipedia/node_modules/@types/css-font-loading-module'
323 silly reify ]
324 silly reify mark retired [
324 silly reify   '/Users/dannywchen/Documents/GitHub/my-wikipedia/node_modules/@types/d3-array'
324 silly reify ]
325 silly reify mark retired [
325 silly reify   '/Users/dannywchen/Documents/GitHub/my-wikipedia/node_modules/@types/d3-axis'
325 silly reify ]
326 silly reify mark retired [
326 silly reify   '/Users/dannywchen/Documents/GitHub/my-wikipedia/node_modules/@types/d3-brush'
326 silly reify ]
327 silly reify mark retired [
327 silly reify   '/Users/dannywchen/Documents/GitHub/my-wikipedia/node_modules/@types/d3-chord'
327 silly reify ]
328 silly reify mark retired [
328 silly reify   '/Users/dannywchen/Documents/GitHub/my-wikipedia/node_modules/@types/d3-color'
328 silly reify ]
329 silly reify mark retired [
329 silly reify   '/Users/dannywchen/Documents/GitHub/my-wikipedia/node_modules/@types/d3-contour'
329 silly reify ]
330 silly reify mark retired [
330 silly reify   '/Users/dannywchen/Documents/GitHub/my-wikipedia/node_modules/@types/d3-dispatch'
330 silly reify ]
331 silly reify mark retired [
331 silly reify   '/Users/dannywchen/Documents/GitHub/my-wikipedia/node_modules/@types/d3-delaunay'
331 silly reify ]
332 silly reify mark retired [
332 silly reify   '/Users/dannywchen/Documents/GitHub/my-wikipedia/node_modules/@types/d3-drag'
332 silly reify ]
333 silly reify mark retired [
333 silly reify   '/Users/dannywchen/Documents/GitHub/my-wikipedia/node_modules/@types/d3-dsv'
333 silly reify ]
334 silly reify mark retired [
334 silly reify   '/Users/dannywchen/Documents/GitHub/my-wikipedia/node_modules/@types/d3-ease'
334 silly reify ]
335 silly reify mark retired [
335 silly reify   '/Users/dannywchen/Documents/GitHub/my-wikipedia/node_modules/@types/d3-fetch'
335 silly reify ]
336 silly reify mark retired [
336 silly reify   '/Users/dannywchen/Documents/GitHub/my-wikipedia/node_modules/@types/d3-force'
336 silly reify ]
337 silly reify mark retired [
337 silly reify   '/Users/dannywchen/Documents/GitHub/my-wikipedia/node_modules/@types/d3-format'
337 silly reify ]
338 silly reify mark retired [
338 silly reify   '/Users/dannywchen/Documents/GitHub/my-wikipedia/node_modules/@types/d3-geo'
338 silly reify ]
339 silly reify mark retired [
339 silly reify   '/Users/dannywchen/Documents/GitHub/my-wikipedia/node_modules/@types/d3-hierarchy'
339 silly reify ]
340 silly reify mark retired [
340 silly reify   '/Users/dannywchen/Documents/GitHub/my-wikipedia/node_modules/@types/d3-interpolate'
340 silly reify ]
341 silly reify mark retired [
341 silly reify   '/Users/dannywchen/Documents/GitHub/my-wikipedia/node_modules/@types/d3-path'
341 silly reify ]
342 silly reify mark retired [
342 silly reify   '/Users/dannywchen/Documents/GitHub/my-wikipedia/node_modules/@types/d3-polygon'
342 silly reify ]
343 silly reify mark retired [
343 silly reify   '/Users/dannywchen/Documents/GitHub/my-wikipedia/node_modules/@types/d3-quadtree'
343 silly reify ]
344 silly reify mark retired [
344 silly reify   '/Users/dannywchen/Documents/GitHub/my-wikipedia/node_modules/@types/d3-random'
344 silly reify ]
345 silly reify mark retired [
345 silly reify   '/Users/dannywchen/Documents/GitHub/my-wikipedia/node_modules/@types/d3-scale'
345 silly reify ]
346 silly reify mark retired [
346 silly reify   '/Users/dannywchen/Documents/GitHub/my-wikipedia/node_modules/@types/d3-scale-chromatic'
346 silly reify ]
347 silly reify mark retired [
347 silly reify   '/Users/dannywchen/Documents/GitHub/my-wikipedia/node_modules/@types/d3-selection'
347 silly reify ]
348 silly reify mark retired [
348 silly reify   '/Users/dannywchen/Documents/GitHub/my-wikipedia/node_modules/@types/d3-shape'
348 silly reify ]
349 silly reify mark retired [
349 silly reify   '/Users/dannywchen/Documents/GitHub/my-wikipedia/node_modules/@types/d3-time'
349 silly reify ]
350 silly reify mark retired [
350 silly reify   '/Users/dannywchen/Documents/GitHub/my-wikipedia/node_modules/@types/d3-time-format'
350 silly reify ]
351 silly reify mark retired [
351 silly reify   '/Users/dannywchen/Documents/GitHub/my-wikipedia/node_modules/@types/d3-timer'
351 silly reify ]
352 silly reify mark retired [
352 silly reify   '/Users/dannywchen/Documents/GitHub/my-wikipedia/node_modules/@types/d3-transition'
352 silly reify ]
353 silly reify mark retired [
353 silly reify   '/Users/dannywchen/Documents/GitHub/my-wikipedia/node_modules/@types/d3-zoom'
353 silly reify ]
354 silly reify mark retired [
354 silly reify   '/Users/dannywchen/Documents/GitHub/my-wikipedia/node_modules/@types/debug'
354 silly reify ]
355 silly reify mark retired [
355 silly reify   '/Users/dannywchen/Documents/GitHub/my-wikipedia/node_modules/@types/earcut'
355 silly reify ]
356 silly reify mark retired [
356 silly reify   '/Users/dannywchen/Documents/GitHub/my-wikipedia/node_modules/@types/estree'
356 silly reify ]
357 silly reify mark retired [
357 silly reify   '/Users/dannywchen/Documents/GitHub/my-wikipedia/node_modules/@types/estree-jsx'
357 silly reify ]
358 silly reify mark retired [
358 silly reify   '/Users/dannywchen/Documents/GitHub/my-wikipedia/node_modules/@types/geojson'
358 silly reify ]
359 silly reify mark retired [
359 silly reify   '/Users/dannywchen/Documents/GitHub/my-wikipedia/node_modules/@types/katex'
359 silly reify ]
360 silly reify mark retired [
360 silly reify   '/Users/dannywchen/Documents/GitHub/my-wikipedia/node_modules/@types/mathjax'
360 silly reify ]
361 silly reify mark retired [
361 silly reify   '/Users/dannywchen/Documents/GitHub/my-wikipedia/node_modules/@types/mdast'
361 silly reify ]
362 silly reify mark retired [
362 silly reify   '/Users/dannywchen/Documents/GitHub/my-wikipedia/node_modules/@types/ms'
362 silly reify ]
363 silly reify mark retired [
363 silly reify   '/Users/dannywchen/Documents/GitHub/my-wikipedia/node_modules/@types/nlcst'
363 silly reify ]
364 silly reify mark retired [
364 silly reify   '/Users/dannywchen/Documents/GitHub/my-wikipedia/node_modules/@types/unist'
364 silly reify ]
365 silly reify mark retired [
365 silly reify   '/Users/dannywchen/Documents/GitHub/my-wikipedia/node_modules/@types/yargs-parser'
365 silly reify ]
366 silly reify mark retired [
366 silly reify   '/Users/dannywchen/Documents/GitHub/my-wikipedia/node_modules/@shuding/opentype.js'
366 silly reify ]
367 silly reify mark retired [
367 silly reify   '/Users/dannywchen/Documents/GitHub/my-wikipedia/node_modules/@shikijs/core'
367 silly reify ]
368 silly reify mark retired [
368 silly reify   '/Users/dannywchen/Documents/GitHub/my-wikipedia/node_modules/@shikijs/engine-javascript'
368 silly reify ]
369 silly reify mark retired [
369 silly reify   '/Users/dannywchen/Documents/GitHub/my-wikipedia/node_modules/@shikijs/engine-oniguruma'
369 silly reify ]
370 silly reify mark retired [
370 silly reify   '/Users/dannywchen/Documents/GitHub/my-wikipedia/node_modules/@shikijs/langs'
370 silly reify ]
371 silly reify mark retired [
371 silly reify   '/Users/dannywchen/Documents/GitHub/my-wikipedia/node_modules/@shikijs/themes'
371 silly reify ]
372 silly reify mark retired [
372 silly reify   '/Users/dannywchen/Documents/GitHub/my-wikipedia/node_modules/@shikijs/types'
372 silly reify ]
373 silly reify mark retired [
373 silly reify   '/Users/dannywchen/Documents/GitHub/my-wikipedia/node_modules/@shikijs/vscode-textmate'
373 silly reify ]
374 silly reify mark retired [
374 silly reify   '/Users/dannywchen/Documents/GitHub/my-wikipedia/node_modules/@ungap/structured-clone'
374 silly reify ]
375 silly reify mark retired [
375 silly reify   '/Users/dannywchen/Documents/GitHub/my-wikipedia/node_modules/@xmldom/xmldom'
375 silly reify ]
376 silly reify mark retired [
376 silly reify   '/Users/dannywchen/Documents/GitHub/my-wikipedia/node_modules/@webgpu/types'
376 silly reify ]
377 silly reify moves {
377 silly reify   '/Users/dannywchen/Documents/GitHub/my-wikipedia/node_modules/agent-base': '/Users/dannywchen/Documents/GitHub/my-wikipedia/node_modules/.agent-base-5dLrrjL1',
377 silly reify   '/Users/dannywchen/Documents/GitHub/my-wikipedia/node_modules/ansi-regex': '/Users/dannywchen/Documents/GitHub/my-wikipedia/node_modules/.ansi-regex-G4T1LbY0',
377 silly reify   '/Users/dannywchen/Documents/GitHub/my-wikipedia/node_modules/ansi-styles': '/Users/dannywchen/Documents/GitHub/my-wikipedia/node_modules/.ansi-styles-sTgd1R4L',
377 silly reify   '/Users/dannywchen/Documents/GitHub/my-wikipedia/node_modules/argparse': '/Users/dannywchen/Documents/GitHub/my-wikipedia/node_modules/.argparse-AIvuYCgW',
377 silly reify   '/Users/dannywchen/Documents/GitHub/my-wikipedia/node_modules/array-iterate': '/Users/dannywchen/Documents/GitHub/my-wikipedia/node_modules/.array-iterate-5y4477Sj',
377 silly reify   '/Users/dannywchen/Documents/GitHub/my-wikipedia/node_modules/bail': '/Users/dannywchen/Documents/GitHub/my-wikipedia/node_modules/.bail-URMxxwFy',
377 silly reify   '/Users/dannywchen/Documents/GitHub/my-wikipedia/node_modules/balanced-match': '/Users/dannywchen/Documents/GitHub/my-wikipedia/node_modules/.balanced-match-YJCXkfFq',
377 silly reify   '/Users/dannywchen/Documents/GitHub/my-wikipedia/node_modules/base64-js': '/Users/dannywchen/Documents/GitHub/my-wikipedia/node_modules/.base64-js-eQxWZpey',
377 silly reify   '/Users/dannywchen/Documents/GitHub/my-wikipedia/node_modules/buffer': '/Users/dannywchen/Documents/GitHub/my-wikipedia/node_modules/.buffer-4tyTEcmT',
377 silly reify   '/Users/dannywchen/Documents/GitHub/my-wikipedia/node_modules/braces': '/Users/dannywchen/Documents/GitHub/my-wikipedia/node_modules/.braces-v2iPHN0H',
377 silly reify   '/Users/dannywchen/Documents/GitHub/my-wikipedia/node_modules/buffer-builder': '/Users/dannywchen/Documents/GitHub/my-wikipedia/node_modules/.buffer-builder-h0a3AEph',
377 silly reify   '/Users/dannywchen/Documents/GitHub/my-wikipedia/node_modules/buffer-from': '/Users/dannywchen/Documents/GitHub/my-wikipedia/node_modules/.buffer-from-uaZqztBh',
377 silly reify   '/Users/dannywchen/Documents/GitHub/my-wikipedia/node_modules/bytes': '/Users/dannywchen/Documents/GitHub/my-wikipedia/node_modules/.bytes-mJTWtpxh',
377 silly reify   '/Users/dannywchen/Documents/GitHub/my-wikipedia/node_modules/camelize': '/Users/dannywchen/Documents/GitHub/my-wikipedia/node_modules/.camelize-U46wvwA9',
377 silly reify   '/Users/dannywchen/Documents/GitHub/my-wikipedia/node_modules/ccount': '/Users/dannywchen/Documents/GitHub/my-wikipedia/node_modules/.ccount-XueFr3mO',
377 silly reify   '/Users/dannywchen/Documents/GitHub/my-wikipedia/node_modules/character-entities': '/Users/dannywchen/Documents/GitHub/my-wikipedia/node_modules/.character-entities-ammHhjyh',
377 silly reify   '/Users/dannywchen/Documents/GitHub/my-wikipedia/node_modules/character-entities-html4': '/Users/dannywchen/Documents/GitHub/my-wikipedia/node_modules/.character-entities-html4-GM4adDo2',
377 silly reify   '/Users/dannywchen/Documents/GitHub/my-wikipedia/node_modules/character-entities-legacy': '/Users/dannywchen/Documents/GitHub/my-wikipedia/node_modules/.character-entities-legacy-IIbcWxgG',
377 silly reify   '/Users/dannywchen/Documents/GitHub/my-wikipedia/node_modules/character-reference-invalid': '/Users/dannywchen/Documents/GitHub/my-wikipedia/node_modules/.character-reference-invalid-46rAlhot',
377 silly reify   '/Users/dannywchen/Documents/GitHub/my-wikipedia/node_modules/citeproc': '/Users/dannywchen/Documents/GitHub/my-wikipedia/node_modules/.citeproc-3Sst4VqD',
377 silly reify   '/Users/dannywchen/Documents/GitHub/my-wikipedia/node_modules/cliui': '/Users/dannywchen/Documents/GitHub/my-wikipedia/node_modules/.cliui-Kt8dhAdR',
377 silly reify   '/Users/dannywchen/Documents/GitHub/my-wikipedia/node_modules/colorjs.io': '/Users/dannywchen/Documents/GitHub/my-wikipedia/node_modules/.colorjs.io-TocolhPQ',
377 silly reify   '/Users/dannywchen/Documents/GitHub/my-wikipedia/node_modules/color-name': '/Users/dannywchen/Documents/GitHub/my-wikipedia/node_modules/.color-name-U5NqBgMN',
377 silly reify   '/Users/dannywchen/Documents/GitHub/my-wikipedia/node_modules/comma-separated-tokens': '/Users/dannywchen/Documents/GitHub/my-wikipedia/node_modules/.comma-separated-tokens-MlOf4POy',
377 silly reify   '/Users/dannywchen/Documents/GitHub/my-wikipedia/node_modules/commander': '/Users/dannywchen/Documents/GitHub/my-wikipedia/node_modules/.commander-CYavKtCu',
377 silly reify   '/Users/dannywchen/Documents/GitHub/my-wikipedia/node_modules/concat-map': '/Users/dannywchen/Documents/GitHub/my-wikipedia/node_modules/.concat-map-BUHN0jZm',
377 silly reify   '/Users/dannywchen/Documents/GitHub/my-wikipedia/node_modules/content-disposition': '/Users/dannywchen/Documents/GitHub/my-wikipedia/node_modules/.content-disposition-lmr7SJOB',
377 silly reify   '/Users/dannywchen/Documents/GitHub/my-wikipedia/node_modules/cross-fetch': '/Users/dannywchen/Documents/GitHub/my-wikipedia/node_modules/.cross-fetch-L8hWPdLr',
377 silly reify   '/Users/dannywchen/Documents/GitHub/my-wikipedia/node_modules/css-background-parser': '/Users/dannywchen/Documents/GitHub/my-wikipedia/node_modules/.css-background-parser-TABwZHeg',
377 silly reify   '/Users/dannywchen/Documents/GitHub/my-wikipedia/node_modules/css-box-shadow': '/Users/dannywchen/Documents/GitHub/my-wikipedia/node_modules/.css-box-shadow-W06HVtIv',
377 silly reify   '/Users/dannywchen/Documents/GitHub/my-wikipedia/node_modules/css-color-keywords': '/Users/dannywchen/Documents/GitHub/my-wikipedia/node_modules/.css-color-keywords-v23Mfh5W',
377 silly reify   '/Users/dannywchen/Documents/GitHub/my-wikipedia/node_modules/css-gradient-parser': '/Users/dannywchen/Documents/GitHub/my-wikipedia/node_modules/.css-gradient-parser-h01eV6py',
377 silly reify   '/Users/dannywchen/Documents/GitHub/my-wikipedia/node_modules/css-to-react-native': '/Users/dannywchen/Documents/GitHub/my-wikipedia/node_modules/.css-to-react-native-qNtFNCEd',
377 silly reify   '/Users/dannywchen/Documents/GitHub/my-wikipedia/node_modules/d3-array': '/Users/dannywchen/Documents/GitHub/my-wikipedia/node_modules/.d3-array-cL0J2rx4',
377 silly reify   '/Users/dannywchen/Documents/GitHub/my-wikipedia/node_modules/d3-axis': '/Users/dannywchen/Documents/GitHub/my-wikipedia/node_modules/.d3-axis-Cy5gprtN',
377 silly reify   '/Users/dannywchen/Documents/GitHub/my-wikipedia/node_modules/d3-brush': '/Users/dannywchen/Documents/GitHub/my-wikipedia/node_modules/.d3-brush-BD6ocHw3',
377 silly reify   '/Users/dannywchen/Documents/GitHub/my-wikipedia/node_modules/d3-chord': '/Users/dannywchen/Documents/GitHub/my-wikipedia/node_modules/.d3-chord-OrxiYlHH',
377 silly reify   '/Users/dannywchen/Documents/GitHub/my-wikipedia/node_modules/d3-color': '/Users/dannywchen/Documents/GitHub/my-wikipedia/node_modules/.d3-color-WJQYgmD8',
377 silly reify   '/Users/dannywchen/Documents/GitHub/my-wikipedia/node_modules/d3-contour': '/Users/dannywchen/Documents/GitHub/my-wikipedia/node_modules/.d3-contour-ml0Fv8px',
377 silly reify   '/Users/dannywchen/Documents/GitHub/my-wikipedia/node_modules/d3-delaunay': '/Users/dannywchen/Documents/GitHub/my-wikipedia/node_modules/.d3-delaunay-dnaAzxyG',
377 silly reify   '/Users/dannywchen/Documents/GitHub/my-wikipedia/node_modules/d3-dispatch': '/Users/dannywchen/Documents/GitHub/my-wikipedia/node_modules/.d3-dispatch-n30zVAMU',
377 silly reify   '/Users/dannywchen/Documents/GitHub/my-wikipedia/node_modules/d3-drag': '/Users/dannywchen/Documents/GitHub/my-wikipedia/node_modules/.d3-drag-ovasegGQ',
377 silly reify   '/Users/dannywchen/Documents/GitHub/my-wikipedia/node_modules/d3-dsv': '/Users/dannywchen/Documents/GitHub/my-wikipedia/node_modules/.d3-dsv-MkXQRO9S',
377 silly reify   '/Users/dannywchen/Documents/GitHub/my-wikipedia/node_modules/d3-ease': '/Users/dannywchen/Documents/GitHub/my-wikipedia/node_modules/.d3-ease-4I3tynhb',
377 silly reify   '/Users/dannywchen/Documents/GitHub/my-wikipedia/node_modules/d3-fetch': '/Users/dannywchen/Documents/GitHub/my-wikipedia/node_modules/.d3-fetch-5tKXvjq2',
377 silly reify   '/Users/dannywchen/Documents/GitHub/my-wikipedia/node_modules/d3-force': '/Users/dannywchen/Documents/GitHub/my-wikipedia/node_modules/.d3-force-DfeRdMOK',
377 silly reify   '/Users/dannywchen/Documents/GitHub/my-wikipedia/node_modules/d3-geo': '/Users/dannywchen/Documents/GitHub/my-wikipedia/node_modules/.d3-geo-vGg5WasK',
377 silly reify   '/Users/dannywchen/Documents/GitHub/my-wikipedia/node_modules/d3-format': '/Users/dannywchen/Documents/GitHub/my-wikipedia/node_modules/.d3-format-t4Nhirfs',
377 silly reify   '/Users/dannywchen/Documents/GitHub/my-wikipedia/node_modules/d3-hierarchy': '/Users/dannywchen/Documents/GitHub/my-wikipedia/node_modules/.d3-hierarchy-a6gnMGrV',
377 silly reify   '/Users/dannywchen/Documents/GitHub/my-wikipedia/node_modules/d3-interpolate': '/Users/dannywchen/Documents/GitHub/my-wikipedia/node_modules/.d3-interpolate-2qnb3Kij',
377 silly reify   '/Users/dannywchen/Documents/GitHub/my-wikipedia/node_modules/d3-path': '/Users/dannywchen/Documents/GitHub/my-wikipedia/node_modules/.d3-path-u0VGhro7',
377 silly reify   '/Users/dannywchen/Documents/GitHub/my-wikipedia/node_modules/d3-polygon': '/Users/dannywchen/Documents/GitHub/my-wikipedia/node_modules/.d3-polygon-rnDPjOsE',
377 silly reify   '/Users/dannywchen/Documents/GitHub/my-wikipedia/node_modules/d3-quadtree': '/Users/dannywchen/Documents/GitHub/my-wikipedia/node_modules/.d3-quadtree-QSVvLEGy',
377 silly reify   '/Users/dannywchen/Documents/GitHub/my-wikipedia/node_modules/d3-random': '/Users/dannywchen/Documents/GitHub/my-wikipedia/node_modules/.d3-random-x1c8w88H',
377 silly reify   '/Users/dannywchen/Documents/GitHub/my-wikipedia/node_modules/d3-scale': '/Users/dannywchen/Documents/GitHub/my-wikipedia/node_modules/.d3-scale-5Wp9obHz',
377 silly reify   '/Users/dannywchen/Documents/GitHub/my-wikipedia/node_modules/d3-scale-chromatic': '/Users/dannywchen/Documents/GitHub/my-wikipedia/node_modules/.d3-scale-chromatic-pB1LihoO',
377 silly reify   '/Users/dannywchen/Documents/GitHub/my-wikipedia/node_modules/d3-selection': '/Users/dannywchen/Documents/GitHub/my-wikipedia/node_modules/.d3-selection-hxW6H2lO',
377 silly reify   '/Users/dannywchen/Documents/GitHub/my-wikipedia/node_modules/d3-shape': '/Users/dannywchen/Documents/GitHub/my-wikipedia/node_modules/.d3-shape-n4uTPk5L',
377 silly reify   '/Users/dannywchen/Documents/GitHub/my-wikipedia/node_modules/d3-time': '/Users/dannywchen/Documents/GitHub/my-wikipedia/node_modules/.d3-time-A2KEGdXl',
377 silly reify   '/Users/dannywchen/Documents/GitHub/my-wikipedia/node_modules/d3-time-format': '/Users/dannywchen/Documents/GitHub/my-wikipedia/node_modules/.d3-time-format-pgTkXJpG',
377 silly reify   '/Users/dannywchen/Documents/GitHub/my-wikipedia/node_modules/d3-timer': '/Users/dannywchen/Documents/GitHub/my-wikipedia/node_modules/.d3-timer-JqRJmeCK',
377 silly reify   '/Users/dannywchen/Documents/GitHub/my-wikipedia/node_modules/d3-transition': '/Users/dannywchen/Documents/GitHub/my-wikipedia/node_modules/.d3-transition-GgzqRbhI',
377 silly reify   '/Users/dannywchen/Documents/GitHub/my-wikipedia/node_modules/d3-zoom': '/Users/dannywchen/Documents/GitHub/my-wikipedia/node_modules/.d3-zoom-UeU9ow4H',
377 silly reify   '/Users/dannywchen/Documents/GitHub/my-wikipedia/node_modules/debug': '/Users/dannywchen/Documents/GitHub/my-wikipedia/node_modules/.debug-37FXd4pv',
377 silly reify   '/Users/dannywchen/Documents/GitHub/my-wikipedia/node_modules/decode-named-character-reference': '/Users/dannywchen/Documents/GitHub/my-wikipedia/node_modules/.decode-named-character-reference-ph1kRgOt',
377 silly reify   '/Users/dannywchen/Documents/GitHub/my-wikipedia/node_modules/delaunator': '/Users/dannywchen/Documents/GitHub/my-wikipedia/node_modules/.delaunator-qruS4WjC',
377 silly reify   '/Users/dannywchen/Documents/GitHub/my-wikipedia/node_modules/dequal': '/Users/dannywchen/Documents/GitHub/my-wikipedia/node_modules/.dequal-Wqt0MCEC',
377 silly reify   '/Users/dannywchen/Documents/GitHub/my-wikipedia/node_modules/detect-libc': '/Users/dannywchen/Documents/GitHub/my-wikipedia/node_modules/.detect-libc-STggjGlg',
377 silly reify   '/Users/dannywchen/Documents/GitHub/my-wikipedia/node_modules/devlop': '/Users/dannywchen/Documents/GitHub/my-wikipedia/node_modules/.devlop-5W321RqJ',
377 silly reify   '/Users/dannywchen/Documents/GitHub/my-wikipedia/node_modules/earcut': '/Users/dannywchen/Documents/GitHub/my-wikipedia/node_modules/.earcut-C1DSi9YI',
377 silly reify   '/Users/dannywchen/Documents/GitHub/my-wikipedia/node_modules/emoji-regex': '/Users/dannywchen/Documents/GitHub/my-wikipedia/node_modules/.emoji-regex-yEVL3Fgj',
377 silly reify   '/Users/dannywchen/Documents/GitHub/my-wikipedia/node_modules/emoji-regex-xs': '/Users/dannywchen/Documents/GitHub/my-wikipedia/node_modules/.emoji-regex-xs-5he7p62z',
377 silly reify   '/Users/dannywchen/Documents/GitHub/my-wikipedia/node_modules/entities': '/Users/dannywchen/Documents/GitHub/my-wikipedia/node_modules/.entities-DalaCk4z',
377 silly reify   '/Users/dannywchen/Documents/GitHub/my-wikipedia/node_modules/escalade': '/Users/dannywchen/Documents/GitHub/my-wikipedia/node_modules/.escalade-LvAoYMj0',
377 silly reify   '/Users/dannywchen/Documents/GitHub/my-wikipedia/node_modules/escape-html': '/Users/dannywchen/Documents/GitHub/my-wikipedia/node_modules/.escape-html-fxxLP14F',
377 silly reify   '/Users/dannywchen/Documents/GitHub/my-wikipedia/node_modules/esm': '/Users/dannywchen/Documents/GitHub/my-wikipedia/node_modules/.esm-Cptd3gX3',
377 silly reify   '/Users/dannywchen/Documents/GitHub/my-wikipedia/node_modules/escape-string-regexp': '/Users/dannywchen/Documents/GitHub/my-wikipedia/node_modules/.escape-string-regexp-Zoz2NMBV',
377 silly reify   '/Users/dannywchen/Documents/GitHub/my-wikipedia/node_modules/esprima': '/Users/dannywchen/Documents/GitHub/my-wikipedia/node_modules/.esprima-3AxSXExN',
377 silly reify   '/Users/dannywchen/Documents/GitHub/my-wikipedia/node_modules/estree-util-is-identifier-name': '/Users/dannywchen/Documents/GitHub/my-wikipedia/node_modules/.estree-util-is-identifier-name-Cwn2A6KD',
377 silly reify   '/Users/dannywchen/Documents/GitHub/my-wikipedia/node_modules/eventemitter3': '/Users/dannywchen/Documents/GitHub/my-wikipedia/node_modules/.eventemitter3-uTflQLxy',
377 silly reify   '/Users/dannywchen/Documents/GitHub/my-wikipedia/node_modules/extend': '/Users/dannywchen/Documents/GitHub/my-wikipedia/node_modules/.extend-MLu5O9PQ',
377 silly reify   '/Users/dannywchen/Documents/GitHub/my-wikipedia/node_modules/extend-shallow': '/Users/dannywchen/Documents/GitHub/my-wikipedia/node_modules/.extend-shallow-6M3md3o6',
377 silly reify   '/Users/dannywchen/Documents/GitHub/my-wikipedia/node_modules/fast-glob': '/Users/dannywchen/Documents/GitHub/my-wikipedia/node_modules/.fast-glob-FtqCr9wO',
377 silly reify   '/Users/dannywchen/Documents/GitHub/my-wikipedia/node_modules/fast-string-truncated-width': '/Users/dannywchen/Documents/GitHub/my-wikipedia/node_modules/.fast-string-truncated-width-z7FaMkHp',
377 silly reify   '/Users/dannywchen/Documents/GitHub/my-wikipedia/node_modules/fastq': '/Users/dannywchen/Documents/GitHub/my-wikipedia/node_modules/.fastq-ZOFwq6It',
377 silly reify   '/Users/dannywchen/Documents/GitHub/my-wikipedia/node_modules/fault': '/Users/dannywchen/Documents/GitHub/my-wikipedia/node_modules/.fault-0X062TmJ',
377 silly reify   '/Users/dannywchen/Documents/GitHub/my-wikipedia/node_modules/fetch-ponyfill': '/Users/dannywchen/Documents/GitHub/my-wikipedia/node_modules/.fetch-ponyfill-y2K4HDyt',
377 silly reify   '/Users/dannywchen/Documents/GitHub/my-wikipedia/node_modules/fflate': '/Users/dannywchen/Documents/GitHub/my-wikipedia/node_modules/.fflate-4culqPwL',
377 silly reify   '/Users/dannywchen/Documents/GitHub/my-wikipedia/node_modules/fill-range': '/Users/dannywchen/Documents/GitHub/my-wikipedia/node_modules/.fill-range-7e9GJ0mc',
377 silly reify   '/Users/dannywchen/Documents/GitHub/my-wikipedia/node_modules/format': '/Users/dannywchen/Documents/GitHub/my-wikipedia/node_modules/.format-WFQhU98j',
377 silly reify   '/Users/dannywchen/Documents/GitHub/my-wikipedia/node_modules/fsevents': '/Users/dannywchen/Documents/GitHub/my-wikipedia/node_modules/.fsevents-0Lak2VWn',
377 silly reify   '/Users/dannywchen/Documents/GitHub/my-wikipedia/node_modules/function-bind': '/Users/dannywchen/Documents/GitHub/my-wikipedia/node_modules/.function-bind-NzJ5tzyi',
377 silly reify   '/Users/dannywchen/Documents/GitHub/my-wikipedia/node_modules/get-caller-file': '/Users/dannywchen/Documents/GitHub/my-wikipedia/node_modules/.get-caller-file-JEMMJc9Q',
377 silly reify   '/Users/dannywchen/Documents/GitHub/my-wikipedia/node_modules/get-east-asian-width': '/Users/dannywchen/Documents/GitHub/my-wikipedia/node_modules/.get-east-asian-width-KzYMSGEf',
377 silly reify   '/Users/dannywchen/Documents/GitHub/my-wikipedia/node_modules/get-tsconfig': '/Users/dannywchen/Documents/GitHub/my-wikipedia/node_modules/.get-tsconfig-ggYT7Z6S',
377 silly reify   '/Users/dannywchen/Documents/GitHub/my-wikipedia/node_modules/gifuct-js': '/Users/dannywchen/Documents/GitHub/my-wikipedia/node_modules/.gifuct-js-b3GfoRsP',
377 silly reify   '/Users/dannywchen/Documents/GitHub/my-wikipedia/node_modules/glob-parent': '/Users/dannywchen/Documents/GitHub/my-wikipedia/node_modules/.glob-parent-F9TEo9tn',
377 silly reify   '/Users/dannywchen/Documents/GitHub/my-wikipedia/node_modules/has-flag': '/Users/dannywchen/Documents/GitHub/my-wikipedia/node_modules/.has-flag-WiO71sUq',
377 silly reify   '/Users/dannywchen/Documents/GitHub/my-wikipedia/node_modules/hasown': '/Users/dannywchen/Documents/GitHub/my-wikipedia/node_modules/.hasown-gKL2RUYD',
377 silly reify   '/Users/dannywchen/Documents/GitHub/my-wikipedia/node_modules/hast-util-from-dom': '/Users/dannywchen/Documents/GitHub/my-wikipedia/node_modules/.hast-util-from-dom-hgd6Qdsi',
377 silly reify   '/Users/dannywchen/Documents/GitHub/my-wikipedia/node_modules/hast-util-from-html': '/Users/dannywchen/Documents/GitHub/my-wikipedia/node_modules/.hast-util-from-html-PrdwcjN3',
377 silly reify   '/Users/dannywchen/Documents/GitHub/my-wikipedia/node_modules/hast-util-from-html-isomorphic': '/Users/dannywchen/Documents/GitHub/my-wikipedia/node_modules/.hast-util-from-html-isomorphic-f1GDydAw',
377 silly reify   '/Users/dannywchen/Documents/GitHub/my-wikipedia/node_modules/hast-util-from-parse5': '/Users/dannywchen/Documents/GitHub/my-wikipedia/node_modules/.hast-util-from-parse5-NYlrCcaV',
377 silly reify   '/Users/dannywchen/Documents/GitHub/my-wikipedia/node_modules/hast-util-heading-rank': '/Users/dannywchen/Documents/GitHub/my-wikipedia/node_modules/.hast-util-heading-rank-G8YLezkE',
377 silly reify   '/Users/dannywchen/Documents/GitHub/my-wikipedia/node_modules/hast-util-is-element': '/Users/dannywchen/Documents/GitHub/my-wikipedia/node_modules/.hast-util-is-element-VXrGvMSg',
377 silly reify   '/Users/dannywchen/Documents/GitHub/my-wikipedia/node_modules/hast-util-parse-selector': '/Users/dannywchen/Documents/GitHub/my-wikipedia/node_modules/.hast-util-parse-selector-ighrMbbC',
377 silly reify   '/Users/dannywchen/Documents/GitHub/my-wikipedia/node_modules/hast-util-raw': '/Users/dannywchen/Documents/GitHub/my-wikipedia/node_modules/.hast-util-raw-hXgvrTmk',
377 silly reify   '/Users/dannywchen/Documents/GitHub/my-wikipedia/node_modules/hast-util-to-text': '/Users/dannywchen/Documents/GitHub/my-wikipedia/node_modules/.hast-util-to-text-yV5fnw2q',
377 silly reify   '/Users/dannywchen/Documents/GitHub/my-wikipedia/node_modules/hast-util-to-parse5': '/Users/dannywchen/Documents/GitHub/my-wikipedia/node_modules/.hast-util-to-parse5-ARSlSzEI',
377 silly reify   '/Users/dannywchen/Documents/GitHub/my-wikipedia/node_modules/hast-util-whitespace': '/Users/dannywchen/Documents/GitHub/my-wikipedia/node_modules/.hast-util-whitespace-IHofGw4c',
377 silly reify   '/Users/dannywchen/Documents/GitHub/my-wikipedia/node_modules/hastscript': '/Users/dannywchen/Documents/GitHub/my-wikipedia/node_modules/.hastscript-gsKhE9YX',
377 silly reify   '/Users/dannywchen/Documents/GitHub/my-wikipedia/node_modules/hex-rgb': '/Users/dannywchen/Documents/GitHub/my-wikipedia/node_modules/.hex-rgb-2nNU5vie',
377 silly reify   '/Users/dannywchen/Documents/GitHub/my-wikipedia/node_modules/html-void-elements': '/Users/dannywchen/Documents/GitHub/my-wikipedia/node_modules/.html-void-elements-riCo3bcq',
377 silly reify   '/Users/dannywchen/Documents/GitHub/my-wikipedia/node_modules/https-proxy-agent': '/Users/dannywchen/Documents/GitHub/my-wikipedia/node_modules/.https-proxy-agent-nK0YTGtr',
377 silly reify   '/Users/dannywchen/Documents/GitHub/my-wikipedia/node_modules/iconv-lite': '/Users/dannywchen/Documents/GitHub/my-wikipedia/node_modules/.iconv-lite-XAP7g5mR',
377 silly reify   '/Users/dannywchen/Documents/GitHub/my-wikipedia/node_modules/ieee754': '/Users/dannywchen/Documents/GitHub/my-wikipedia/node_modules/.ieee754-khac6zX9',
377 silly reify   '/Users/dannywchen/Documents/GitHub/my-wikipedia/node_modules/ignore': '/Users/dannywchen/Documents/GitHub/my-wikipedia/node_modules/.ignore-UFOFA9KP',
377 silly reify   '/Users/dannywchen/Documents/GitHub/my-wikipedia/node_modules/immutable': '/Users/dannywchen/Documents/GitHub/my-wikipedia/node_modules/.immutable-DURuJ2z9',
377 silly reify   '/Users/dannywchen/Documents/GitHub/my-wikipedia/node_modules/inline-style-parser': '/Users/dannywchen/Documents/GitHub/my-wikipedia/node_modules/.inline-style-parser-KVz7IrBW',
377 silly reify   '/Users/dannywchen/Documents/GitHub/my-wikipedia/node_modules/internmap': '/Users/dannywchen/Documents/GitHub/my-wikipedia/node_modules/.internmap-1rJj2sh4',
377 silly reify   '/Users/dannywchen/Documents/GitHub/my-wikipedia/node_modules/is-alphabetical': '/Users/dannywchen/Documents/GitHub/my-wikipedia/node_modules/.is-alphabetical-2an8jt4X',
377 silly reify   '/Users/dannywchen/Documents/GitHub/my-wikipedia/node_modules/is-alphanumerical': '/Users/dannywchen/Documents/GitHub/my-wikipedia/node_modules/.is-alphanumerical-8M8O0oDI',
377 silly reify   '/Users/dannywchen/Documents/GitHub/my-wikipedia/node_modules/is-core-module': '/Users/dannywchen/Documents/GitHub/my-wikipedia/node_modules/.is-core-module-8Z9XkCGt',
377 silly reify   '/Users/dannywchen/Documents/GitHub/my-wikipedia/node_modules/is-decimal': '/Users/dannywchen/Documents/GitHub/my-wikipedia/node_modules/.is-decimal-JXqSFXkL',
377 silly reify   '/Users/dannywchen/Documents/GitHub/my-wikipedia/node_modules/is-extendable': '/Users/dannywchen/Documents/GitHub/my-wikipedia/node_modules/.is-extendable-7vJFrrzi',
377 silly reify   '/Users/dannywchen/Documents/GitHub/my-wikipedia/node_modules/is-extglob': '/Users/dannywchen/Documents/GitHub/my-wikipedia/node_modules/.is-extglob-ME5YLuj2',
377 silly reify   '/Users/dannywchen/Documents/GitHub/my-wikipedia/node_modules/is-glob': '/Users/dannywchen/Documents/GitHub/my-wikipedia/node_modules/.is-glob-cYy7E4rN',
377 silly reify   '/Users/dannywchen/Documents/GitHub/my-wikipedia/node_modules/is-hexadecimal': '/Users/dannywchen/Documents/GitHub/my-wikipedia/node_modules/.is-hexadecimal-EpWoHdha',
377 silly reify   '/Users/dannywchen/Documents/GitHub/my-wikipedia/node_modules/is-number': '/Users/dannywchen/Documents/GitHub/my-wikipedia/node_modules/.is-number-nH7kfc9j',
377 silly reify   '/Users/dannywchen/Documents/GitHub/my-wikipedia/node_modules/is-path-inside': '/Users/dannywchen/Documents/GitHub/my-wikipedia/node_modules/.is-path-inside-BUQ5j3yJ',
377 silly reify   '/Users/dannywchen/Documents/GitHub/my-wikipedia/node_modules/is-plain-obj': '/Users/dannywchen/Documents/GitHub/my-wikipedia/node_modules/.is-plain-obj-hrS78LLt',
377 silly reify   '/Users/dannywchen/Documents/GitHub/my-wikipedia/node_modules/ismobilejs': '/Users/dannywchen/Documents/GitHub/my-wikipedia/node_modules/.ismobilejs-fXqzxcFk',
377 silly reify   '/Users/dannywchen/Documents/GitHub/my-wikipedia/node_modules/js-binary-schema-parser': '/Users/dannywchen/Documents/GitHub/my-wikipedia/node_modules/.js-binary-schema-parser-nyXt46Dr',
377 silly reify   '/Users/dannywchen/Documents/GitHub/my-wikipedia/node_modules/katex': '/Users/dannywchen/Documents/GitHub/my-wikipedia/node_modules/.katex-Ph1fG74q',
377 silly reify   '/Users/dannywchen/Documents/GitHub/my-wikipedia/node_modules/kind-of': '/Users/dannywchen/Documents/GitHub/my-wikipedia/node_modules/.kind-of-fdO1Ylab',
377 silly reify   '/Users/dannywchen/Documents/GitHub/my-wikipedia/node_modules/lightningcss-darwin-arm64': '/Users/dannywchen/Documents/GitHub/my-wikipedia/node_modules/.lightningcss-darwin-arm64-6p5YUIrs',
377 silly reify   '/Users/dannywchen/Documents/GitHub/my-wikipedia/node_modules/linebreak': '/Users/dannywchen/Documents/GitHub/my-wikipedia/node_modules/.linebreak-3oA1yq81',
377 silly reify   '/Users/dannywchen/Documents/GitHub/my-wikipedia/node_modules/longest-streak': '/Users/dannywchen/Documents/GitHub/my-wikipedia/node_modules/.longest-streak-SkhGYLVy',
377 silly reify   '/Users/dannywchen/Documents/GitHub/my-wikipedia/node_modules/markdown-table': '/Users/dannywchen/Documents/GitHub/my-wikipedia/node_modules/.markdown-table-dBLi5aAJ',
377 silly reify   '/Users/dannywchen/Documents/GitHub/my-wikipedia/node_modules/mathjax-full': '/Users/dannywchen/Documents/GitHub/my-wikipedia/node_modules/.mathjax-full-qLft7Rte',
377 silly reify   '/Users/dannywchen/Documents/GitHub/my-wikipedia/node_modules/mdast-util-from-markdown': '/Users/dannywchen/Documents/GitHub/my-wikipedia/node_modules/.mdast-util-from-markdown-Q9xo9tiX',
377 silly reify   '/Users/dannywchen/Documents/GitHub/my-wikipedia/node_modules/mdast-util-frontmatter': '/Users/dannywchen/Documents/GitHub/my-wikipedia/node_modules/.mdast-util-frontmatter-W1rIlVwH',
377 silly reify   '/Users/dannywchen/Documents/GitHub/my-wikipedia/node_modules/mdast-util-gfm': '/Users/dannywchen/Documents/GitHub/my-wikipedia/node_modules/.mdast-util-gfm-CjmQ26oy',
377 silly reify   '/Users/dannywchen/Documents/GitHub/my-wikipedia/node_modules/mdast-util-gfm-autolink-literal': '/Users/dannywchen/Documents/GitHub/my-wikipedia/node_modules/.mdast-util-gfm-autolink-literal-2z2PPrAJ',
377 silly reify   '/Users/dannywchen/Documents/GitHub/my-wikipedia/node_modules/mdast-util-gfm-footnote': '/Users/dannywchen/Documents/GitHub/my-wikipedia/node_modules/.mdast-util-gfm-footnote-7NM6tTjt',
377 silly reify   '/Users/dannywchen/Documents/GitHub/my-wikipedia/node_modules/mdast-util-gfm-strikethrough': '/Users/dannywchen/Documents/GitHub/my-wikipedia/node_modules/.mdast-util-gfm-strikethrough-4LREWfPG',
377 silly reify   '/Users/dannywchen/Documents/GitHub/my-wikipedia/node_modules/mdast-util-gfm-table': '/Users/dannywchen/Documents/GitHub/my-wikipedia/node_modules/.mdast-util-gfm-table-ila8nNlY',
377 silly reify   '/Users/dannywchen/Documents/GitHub/my-wikipedia/node_modules/mdast-util-gfm-task-list-item': '/Users/dannywchen/Documents/GitHub/my-wikipedia/node_modules/.mdast-util-gfm-task-list-item-5F7XIteY',
377 silly reify   '/Users/dannywchen/Documents/GitHub/my-wikipedia/node_modules/mdast-util-math': '/Users/dannywchen/Documents/GitHub/my-wikipedia/node_modules/.mdast-util-math-DQBAHZO4',
377 silly reify   '/Users/dannywchen/Documents/GitHub/my-wikipedia/node_modules/mdast-util-mdx-expression': '/Users/dannywchen/Documents/GitHub/my-wikipedia/node_modules/.mdast-util-mdx-expression-ov8tL5U0',
377 silly reify   '/Users/dannywchen/Documents/GitHub/my-wikipedia/node_modules/mdast-util-mdx-jsx': '/Users/dannywchen/Documents/GitHub/my-wikipedia/node_modules/.mdast-util-mdx-jsx-ZbYxlQ2d',
377 silly reify   '/Users/dannywchen/Documents/GitHub/my-wikipedia/node_modules/mdast-util-mdxjs-esm': '/Users/dannywchen/Documents/GitHub/my-wikipedia/node_modules/.mdast-util-mdxjs-esm-FnbbcQQ6',
377 silly reify   '/Users/dannywchen/Documents/GitHub/my-wikipedia/node_modules/mdast-util-newline-to-break': '/Users/dannywchen/Documents/GitHub/my-wikipedia/node_modules/.mdast-util-newline-to-break-RPAZeRY5',
377 silly reify   '/Users/dannywchen/Documents/GitHub/my-wikipedia/node_modules/mdast-util-phrasing': '/Users/dannywchen/Documents/GitHub/my-wikipedia/node_modules/.mdast-util-phrasing-jisL18lK',
377 silly reify   '/Users/dannywchen/Documents/GitHub/my-wikipedia/node_modules/mdast-util-to-markdown': '/Users/dannywchen/Documents/GitHub/my-wikipedia/node_modules/.mdast-util-to-markdown-aZl40YGf',
377 silly reify   '/Users/dannywchen/Documents/GitHub/my-wikipedia/node_modules/merge2': '/Users/dannywchen/Documents/GitHub/my-wikipedia/node_modules/.merge2-sHvqsbYf',
377 silly reify   '/Users/dannywchen/Documents/GitHub/my-wikipedia/node_modules/mhchemparser': '/Users/dannywchen/Documents/GitHub/my-wikipedia/node_modules/.mhchemparser-6as1E52b',
377 silly reify   '/Users/dannywchen/Documents/GitHub/my-wikipedia/node_modules/micromark': '/Users/dannywchen/Documents/GitHub/my-wikipedia/node_modules/.micromark-2W9VD9Hm',
377 silly reify   '/Users/dannywchen/Documents/GitHub/my-wikipedia/node_modules/micromark-core-commonmark': '/Users/dannywchen/Documents/GitHub/my-wikipedia/node_modules/.micromark-core-commonmark-ngExAQUu',
377 silly reify   '/Users/dannywchen/Documents/GitHub/my-wikipedia/node_modules/micromark-extension-frontmatter': '/Users/dannywchen/Documents/GitHub/my-wikipedia/node_modules/.micromark-extension-frontmatter-pu6mjU4u',
377 silly reify   '/Users/dannywchen/Documents/GitHub/my-wikipedia/node_modules/micromark-extension-gfm': '/Users/dannywchen/Documents/GitHub/my-wikipedia/node_modules/.micromark-extension-gfm-02OmBgKd',
377 silly reify   '/Users/dannywchen/Documents/GitHub/my-wikipedia/node_modules/micromark-extension-gfm-autolink-literal': '/Users/dannywchen/Documents/GitHub/my-wikipedia/node_modules/.micromark-extension-gfm-autolink-literal-mcVeqp6n',
377 silly reify   '/Users/dannywchen/Documents/GitHub/my-wikipedia/node_modules/micromark-extension-gfm-footnote': '/Users/dannywchen/Documents/GitHub/my-wikipedia/node_modules/.micromark-extension-gfm-footnote-lLl5zPyz',
377 silly reify   '/Users/dannywchen/Documents/GitHub/my-wikipedia/node_modules/micromark-extension-gfm-table': '/Users/dannywchen/Documents/GitHub/my-wikipedia/node_modules/.micromark-extension-gfm-table-9iv3FFOW',
377 silly reify   '/Users/dannywchen/Documents/GitHub/my-wikipedia/node_modules/micromark-extension-gfm-strikethrough': '/Users/dannywchen/Documents/GitHub/my-wikipedia/node_modules/.micromark-extension-gfm-strikethrough-SmNoy1yp',
377 silly reify   '/Users/dannywchen/Documents/GitHub/my-wikipedia/node_modules/micromark-extension-gfm-tagfilter': '/Users/dannywchen/Documents/GitHub/my-wikipedia/node_modules/.micromark-extension-gfm-tagfilter-yMFxPzoY',
377 silly reify   '/Users/dannywchen/Documents/GitHub/my-wikipedia/node_modules/micromark-extension-gfm-task-list-item': '/Users/dannywchen/Documents/GitHub/my-wikipedia/node_modules/.micromark-extension-gfm-task-list-item-KSX2Fizf',
377 silly reify   '/Users/dannywchen/Documents/GitHub/my-wikipedia/node_modules/micromark-extension-math': '/Users/dannywchen/Documents/GitHub/my-wikipedia/node_modules/.micromark-extension-math-dLbttiiA',
377 silly reify   '/Users/dannywchen/Documents/GitHub/my-wikipedia/node_modules/micromark-factory-destination': '/Users/dannywchen/Documents/GitHub/my-wikipedia/node_modules/.micromark-factory-destination-hiIOiH2d',
377 silly reify   '/Users/dannywchen/Documents/GitHub/my-wikipedia/node_modules/micromark-factory-label': '/Users/dannywchen/Documents/GitHub/my-wikipedia/node_modules/.micromark-factory-label-nqYzPY0W',
377 silly reify   '/Users/dannywchen/Documents/GitHub/my-wikipedia/node_modules/micromark-factory-space': '/Users/dannywchen/Documents/GitHub/my-wikipedia/node_modules/.micromark-factory-space-njUT05m9',
377 silly reify   '/Users/dannywchen/Documents/GitHub/my-wikipedia/node_modules/micromark-factory-title': '/Users/dannywchen/Documents/GitHub/my-wikipedia/node_modules/.micromark-factory-title-kQ6znBar',
377 silly reify   '/Users/dannywchen/Documents/GitHub/my-wikipedia/node_modules/micromark-factory-whitespace': '/Users/dannywchen/Documents/GitHub/my-wikipedia/node_modules/.micromark-factory-whitespace-wFV9sV2B',
377 silly reify   '/Users/dannywchen/Documents/GitHub/my-wikipedia/node_modules/micromark-util-character': '/Users/dannywchen/Documents/GitHub/my-wikipedia/node_modules/.micromark-util-character-plN0BlEy',
377 silly reify   '/Users/dannywchen/Documents/GitHub/my-wikipedia/node_modules/micromark-util-chunked': '/Users/dannywchen/Documents/GitHub/my-wikipedia/node_modules/.micromark-util-chunked-fSDyupzd',
377 silly reify   '/Users/dannywchen/Documents/GitHub/my-wikipedia/node_modules/micromark-util-combine-extensions': '/Users/dannywchen/Documents/GitHub/my-wikipedia/node_modules/.micromark-util-combine-extensions-wH3SIf0f',
377 silly reify   '/Users/dannywchen/Documents/GitHub/my-wikipedia/node_modules/micromark-util-classify-character': '/Users/dannywchen/Documents/GitHub/my-wikipedia/node_modules/.micromark-util-classify-character-HTB8nLqL',
377 silly reify   '/Users/dannywchen/Documents/GitHub/my-wikipedia/node_modules/micromark-util-decode-string': '/Users/dannywchen/Documents/GitHub/my-wikipedia/node_modules/.micromark-util-decode-string-dWbRMzLS',
377 silly reify   '/Users/dannywchen/Documents/GitHub/my-wikipedia/node_modules/micromark-util-decode-numeric-character-reference': '/Users/dannywchen/Documents/GitHub/my-wikipedia/node_modules/.micromark-util-decode-numeric-character-reference-fBQSbb4S',
377 silly reify   '/Users/dannywchen/Documents/GitHub/my-wikipedia/node_modules/micromark-util-encode': '/Users/dannywchen/Documents/GitHub/my-wikipedia/node_modules/.micromark-util-encode-ivTebPNU',
377 silly reify   '/Users/dannywchen/Documents/GitHub/my-wikipedia/node_modules/micromark-util-html-tag-name': '/Users/dannywchen/Documents/GitHub/my-wikipedia/node_modules/.micromark-util-html-tag-name-SSQ8LoVq',
377 silly reify   '/Users/dannywchen/Documents/GitHub/my-wikipedia/node_modules/micromark-util-normalize-identifier': '/Users/dannywchen/Documents/GitHub/my-wikipedia/node_modules/.micromark-util-normalize-identifier-zAOAO4Qg',
377 silly reify   '/Users/dannywchen/Documents/GitHub/my-wikipedia/node_modules/micromark-util-resolve-all': '/Users/dannywchen/Documents/GitHub/my-wikipedia/node_modules/.micromark-util-resolve-all-QmpIpgK8',
377 silly reify   '/Users/dannywchen/Documents/GitHub/my-wikipedia/node_modules/micromark-util-sanitize-uri': '/Users/dannywchen/Documents/GitHub/my-wikipedia/node_modules/.micromark-util-sanitize-uri-PfX910ux',
377 silly reify   '/Users/dannywchen/Documents/GitHub/my-wikipedia/node_modules/micromark-util-subtokenize': '/Users/dannywchen/Documents/GitHub/my-wikipedia/node_modules/.micromark-util-subtokenize-otGqoixC',
377 silly reify   '/Users/dannywchen/Documents/GitHub/my-wikipedia/node_modules/micromark-util-symbol': '/Users/dannywchen/Documents/GitHub/my-wikipedia/node_modules/.micromark-util-symbol-L82Kkbty',
377 silly reify   '/Users/dannywchen/Documents/GitHub/my-wikipedia/node_modules/micromark-util-types': '/Users/dannywchen/Documents/GitHub/my-wikipedia/node_modules/.micromark-util-types-8v4kpGF4',
377 silly reify   '/Users/dannywchen/Documents/GitHub/my-wikipedia/node_modules/micromatch': '/Users/dannywchen/Documents/GitHub/my-wikipedia/node_modules/.micromatch-tMtAXw3u',
377 silly reify   '/Users/dannywchen/Documents/GitHub/my-wikipedia/node_modules/mime-db': '/Users/dannywchen/Documents/GitHub/my-wikipedia/node_modules/.mime-db-g9XYdZe4',
377 silly reify   '/Users/dannywchen/Documents/GitHub/my-wikipedia/node_modules/mime-types': '/Users/dannywchen/Documents/GitHub/my-wikipedia/node_modules/.mime-types-Ti1kaoIA',
377 silly reify   '/Users/dannywchen/Documents/GitHub/my-wikipedia/node_modules/mj-context-menu': '/Users/dannywchen/Documents/GitHub/my-wikipedia/node_modules/.mj-context-menu-mTOFkjUn',
377 silly reify   '/Users/dannywchen/Documents/GitHub/my-wikipedia/node_modules/moo': '/Users/dannywchen/Documents/GitHub/my-wikipedia/node_modules/.moo-eSInToAl',
377 silly reify   '/Users/dannywchen/Documents/GitHub/my-wikipedia/node_modules/ms': '/Users/dannywchen/Documents/GitHub/my-wikipedia/node_modules/.ms-hTU2LhCm',
377 silly reify   '/Users/dannywchen/Documents/GitHub/my-wikipedia/node_modules/nlcst-to-string': '/Users/dannywchen/Documents/GitHub/my-wikipedia/node_modules/.nlcst-to-string-wekwxjt8',
377 silly reify   '/Users/dannywchen/Documents/GitHub/my-wikipedia/node_modules/node-addon-api': '/Users/dannywchen/Documents/GitHub/my-wikipedia/node_modules/.node-addon-api-wVxWvDwt',
377 silly reify   '/Users/dannywchen/Documents/GitHub/my-wikipedia/node_modules/node-fetch': '/Users/dannywchen/Documents/GitHub/my-wikipedia/node_modules/.node-fetch-27SvaUW9',
377 silly reify   '/Users/dannywchen/Documents/GitHub/my-wikipedia/node_modules/oniguruma-to-es': '/Users/dannywchen/Documents/GitHub/my-wikipedia/node_modules/.oniguruma-to-es-lzrgtsGC',
377 silly reify   '/Users/dannywchen/Documents/GitHub/my-wikipedia/node_modules/pako': '/Users/dannywchen/Documents/GitHub/my-wikipedia/node_modules/.pako-kUQLIRyd',
377 silly reify   '/Users/dannywchen/Documents/GitHub/my-wikipedia/node_modules/parse-css-color': '/Users/dannywchen/Documents/GitHub/my-wikipedia/node_modules/.parse-css-color-1AwZvOW5',
377 silly reify   '/Users/dannywchen/Documents/GitHub/my-wikipedia/node_modules/parse-entities': '/Users/dannywchen/Documents/GitHub/my-wikipedia/node_modules/.parse-entities-qhTo8R23',
377 silly reify   '/Users/dannywchen/Documents/GitHub/my-wikipedia/node_modules/parse-latin': '/Users/dannywchen/Documents/GitHub/my-wikipedia/node_modules/.parse-latin-e8T6rsGU',
377 silly reify   '/Users/dannywchen/Documents/GitHub/my-wikipedia/node_modules/parse-numeric-range': '/Users/dannywchen/Documents/GitHub/my-wikipedia/node_modules/.parse-numeric-range-xrc3erru',
377 silly reify   '/Users/dannywchen/Documents/GitHub/my-wikipedia/node_modules/parse-svg-path': '/Users/dannywchen/Documents/GitHub/my-wikipedia/node_modules/.parse-svg-path-QsLh5JbU',
377 silly reify   '/Users/dannywchen/Documents/GitHub/my-wikipedia/node_modules/parse5': '/Users/dannywchen/Documents/GitHub/my-wikipedia/node_modules/.parse5-vs6kjFZJ',
377 silly reify   '/Users/dannywchen/Documents/GitHub/my-wikipedia/node_modules/path-is-inside': '/Users/dannywchen/Documents/GitHub/my-wikipedia/node_modules/.path-is-inside-kfLVDm2M',
377 silly reify   '/Users/dannywchen/Documents/GitHub/my-wikipedia/node_modules/path-parse': '/Users/dannywchen/Documents/GitHub/my-wikipedia/node_modules/.path-parse-Y0sftitB',
377 silly reify   '/Users/dannywchen/Documents/GitHub/my-wikipedia/node_modules/path-to-regexp': '/Users/dannywchen/Documents/GitHub/my-wikipedia/node_modules/.path-to-regexp-PwOOrFur',
377 silly reify   '/Users/dannywchen/Documents/GitHub/my-wikipedia/node_modules/picocolors': '/Users/dannywchen/Documents/GitHub/my-wikipedia/node_modules/.picocolors-mhNMYfJZ',
377 silly reify   '/Users/dannywchen/Documents/GitHub/my-wikipedia/node_modules/picomatch': '/Users/dannywchen/Documents/GitHub/my-wikipedia/node_modules/.picomatch-NnnKPncJ',
377 silly reify   '/Users/dannywchen/Documents/GitHub/my-wikipedia/node_modules/postcss-value-parser': '/Users/dannywchen/Documents/GitHub/my-wikipedia/node_modules/.postcss-value-parser-nqhYFeXT',
377 silly reify   '/Users/dannywchen/Documents/GitHub/my-wikipedia/node_modules/property-information': '/Users/dannywchen/Documents/GitHub/my-wikipedia/node_modules/.property-information-vUzxVRhg',
377 silly reify   '/Users/dannywchen/Documents/GitHub/my-wikipedia/node_modules/queue-microtask': '/Users/dannywchen/Documents/GitHub/my-wikipedia/node_modules/.queue-microtask-jlMB5PhQ',
377 silly reify   '/Users/dannywchen/Documents/GitHub/my-wikipedia/node_modules/range-parser': '/Users/dannywchen/Documents/GitHub/my-wikipedia/node_modules/.range-parser-twjfMTT5',
377 silly reify   '/Users/dannywchen/Documents/GitHub/my-wikipedia/node_modules/readdirp': '/Users/dannywchen/Documents/GitHub/my-wikipedia/node_modules/.readdirp-U2uN4JFk',
377 silly reify   '/Users/dannywchen/Documents/GitHub/my-wikipedia/node_modules/regex': '/Users/dannywchen/Documents/GitHub/my-wikipedia/node_modules/.regex-6E7cD0NK',
377 silly reify   '/Users/dannywchen/Documents/GitHub/my-wikipedia/node_modules/regex-recursion': '/Users/dannywchen/Documents/GitHub/my-wikipedia/node_modules/.regex-recursion-1Lm82RCM',
377 silly reify   '/Users/dannywchen/Documents/GitHub/my-wikipedia/node_modules/regex-utilities': '/Users/dannywchen/Documents/GitHub/my-wikipedia/node_modules/.regex-utilities-5a0yXiXh',
377 silly reify   '/Users/dannywchen/Documents/GitHub/my-wikipedia/node_modules/rehype-parse': '/Users/dannywchen/Documents/GitHub/my-wikipedia/node_modules/.rehype-parse-6R0Zi7SL',
377 silly reify   '/Users/dannywchen/Documents/GitHub/my-wikipedia/node_modules/remark-stringify': '/Users/dannywchen/Documents/GitHub/my-wikipedia/node_modules/.remark-stringify-MVp38Zj3',
377 silly reify   '/Users/dannywchen/Documents/GitHub/my-wikipedia/node_modules/resolve': '/Users/dannywchen/Documents/GitHub/my-wikipedia/node_modules/.resolve-06xC0OJx',
377 silly reify   '/Users/dannywchen/Documents/GitHub/my-wikipedia/node_modules/resolve-pkg-maps': '/Users/dannywchen/Documents/GitHub/my-wikipedia/node_modules/.resolve-pkg-maps-AIeiWY3R',
377 silly reify   '/Users/dannywchen/Documents/GitHub/my-wikipedia/node_modules/retext-latin': '/Users/dannywchen/Documents/GitHub/my-wikipedia/node_modules/.retext-latin-o8dZGNck',
377 silly reify   '/Users/dannywchen/Documents/GitHub/my-wikipedia/node_modules/retext': '/Users/dannywchen/Documents/GitHub/my-wikipedia/node_modules/.retext-CHzvtOt5',
377 silly reify   '/Users/dannywchen/Documents/GitHub/my-wikipedia/node_modules/retext-smartypants': '/Users/dannywchen/Documents/GitHub/my-wikipedia/node_modules/.retext-smartypants-zJHRQRrk',
377 silly reify   '/Users/dannywchen/Documents/GitHub/my-wikipedia/node_modules/retext-stringify': '/Users/dannywchen/Documents/GitHub/my-wikipedia/node_modules/.retext-stringify-CJHQY0TZ',
377 silly reify   '/Users/dannywchen/Documents/GitHub/my-wikipedia/node_modules/reusify': '/Users/dannywchen/Documents/GitHub/my-wikipedia/node_modules/.reusify-lsMRA1gq',
377 silly reify   '/Users/dannywchen/Documents/GitHub/my-wikipedia/node_modules/robust-predicates': '/Users/dannywchen/Documents/GitHub/my-wikipedia/node_modules/.robust-predicates-aeEJcnnp',
377 silly reify   '/Users/dannywchen/Documents/GitHub/my-wikipedia/node_modules/run-parallel': '/Users/dannywchen/Documents/GitHub/my-wikipedia/node_modules/.run-parallel-6bK6YE96',
377 silly reify   '/Users/dannywchen/Documents/GitHub/my-wikipedia/node_modules/rw': '/Users/dannywchen/Documents/GitHub/my-wikipedia/node_modules/.rw-tRzm8RHj',
377 silly reify   '/Users/dannywchen/Documents/GitHub/my-wikipedia/node_modules/rxjs': '/Users/dannywchen/Documents/GitHub/my-wikipedia/node_modules/.rxjs-l7g8UaHH',
377 silly reify   '/Users/dannywchen/Documents/GitHub/my-wikipedia/node_modules/safer-buffer': '/Users/dannywchen/Documents/GitHub/my-wikipedia/node_modules/.safer-buffer-sVvTux2N',
377 silly reify   '/Users/dannywchen/Documents/GitHub/my-wikipedia/node_modules/sass': '/Users/dannywchen/Documents/GitHub/my-wikipedia/node_modules/.sass-rfGtV9Bk',
377 silly reify   '/Users/dannywchen/Documents/GitHub/my-wikipedia/node_modules/sass-embedded': '/Users/dannywchen/Documents/GitHub/my-wikipedia/node_modules/.sass-embedded-1Rdy07U8',
377 silly reify   '/Users/dannywchen/Documents/GitHub/my-wikipedia/node_modules/sass-embedded-darwin-arm64': '/Users/dannywchen/Documents/GitHub/my-wikipedia/node_modules/.sass-embedded-darwin-arm64-1KVc4ofA',
377 silly reify   '/Users/dannywchen/Documents/GitHub/my-wikipedia/node_modules/section-matter': '/Users/dannywchen/Documents/GitHub/my-wikipedia/node_modules/.section-matter-MhXz1XPp',
377 silly reify   '/Users/dannywchen/Documents/GitHub/my-wikipedia/node_modules/semver': '/Users/dannywchen/Documents/GitHub/my-wikipedia/node_modules/.semver-vXROgAe0',
377 silly reify   '/Users/dannywchen/Documents/GitHub/my-wikipedia/node_modules/sisteransi': '/Users/dannywchen/Documents/GitHub/my-wikipedia/node_modules/.sisteransi-N2UvTapo',
377 silly reify   '/Users/dannywchen/Documents/GitHub/my-wikipedia/node_modules/slash': '/Users/dannywchen/Documents/GitHub/my-wikipedia/node_modules/.slash-kuAG2WOC',
377 silly reify   '/Users/dannywchen/Documents/GitHub/my-wikipedia/node_modules/source-map': '/Users/dannywchen/Documents/GitHub/my-wikipedia/node_modules/.source-map-EEIgKmPc',
377 silly reify   '/Users/dannywchen/Documents/GitHub/my-wikipedia/node_modules/source-map-js': '/Users/dannywchen/Documents/GitHub/my-wikipedia/node_modules/.source-map-js-zBdKJzfH',
377 silly reify   '/Users/dannywchen/Documents/GitHub/my-wikipedia/node_modules/space-separated-tokens': '/Users/dannywchen/Documents/GitHub/my-wikipedia/node_modules/.space-separated-tokens-Ay21TOve',
377 silly reify   '/Users/dannywchen/Documents/GitHub/my-wikipedia/node_modules/speech-rule-engine': '/Users/dannywchen/Documents/GitHub/my-wikipedia/node_modules/.speech-rule-engine-OsyQ4xEg',
377 silly reify   '/Users/dannywchen/Documents/GitHub/my-wikipedia/node_modules/sprintf-js': '/Users/dannywchen/Documents/GitHub/my-wikipedia/node_modules/.sprintf-js-wHtit2KZ',
377 silly reify   '/Users/dannywchen/Documents/GitHub/my-wikipedia/node_modules/string-width': '/Users/dannywchen/Documents/GitHub/my-wikipedia/node_modules/.string-width-6p3L5tce',
377 silly reify   '/Users/dannywchen/Documents/GitHub/my-wikipedia/node_modules/string.prototype.codepointat': '/Users/dannywchen/Documents/GitHub/my-wikipedia/node_modules/.string.prototype.codepointat-hyybVNY0',
377 silly reify   '/Users/dannywchen/Documents/GitHub/my-wikipedia/node_modules/strip-ansi': '/Users/dannywchen/Documents/GitHub/my-wikipedia/node_modules/.strip-ansi-EqlTMy0H',
377 silly reify   '/Users/dannywchen/Documents/GitHub/my-wikipedia/node_modules/stringify-entities': '/Users/dannywchen/Documents/GitHub/my-wikipedia/node_modules/.stringify-entities-yAk2FSRE',
377 silly reify   '/Users/dannywchen/Documents/GitHub/my-wikipedia/node_modules/strip-bom-string': '/Users/dannywchen/Documents/GitHub/my-wikipedia/node_modules/.strip-bom-string-Tc7LyGtD',
377 silly reify   '/Users/dannywchen/Documents/GitHub/my-wikipedia/node_modules/style-to-js': '/Users/dannywchen/Documents/GitHub/my-wikipedia/node_modules/.style-to-js-ZsU5xF5j',
377 silly reify   '/Users/dannywchen/Documents/GitHub/my-wikipedia/node_modules/style-to-object': '/Users/dannywchen/Documents/GitHub/my-wikipedia/node_modules/.style-to-object-4LHJYrI4',
377 silly reify   '/Users/dannywchen/Documents/GitHub/my-wikipedia/node_modules/supports-color': '/Users/dannywchen/Documents/GitHub/my-wikipedia/node_modules/.supports-color-sd6Srfno',
377 silly reify   '/Users/dannywchen/Documents/GitHub/my-wikipedia/node_modules/supports-preserve-symlinks-flag': '/Users/dannywchen/Documents/GitHub/my-wikipedia/node_modules/.supports-preserve-symlinks-flag-CcCatDMs',
377 silly reify   '/Users/dannywchen/Documents/GitHub/my-wikipedia/node_modules/sync-child-process': '/Users/dannywchen/Documents/GitHub/my-wikipedia/node_modules/.sync-child-process-xSYxv48c',
377 silly reify   '/Users/dannywchen/Documents/GitHub/my-wikipedia/node_modules/sync-fetch': '/Users/dannywchen/Documents/GitHub/my-wikipedia/node_modules/.sync-fetch-9kTorEk0',
377 silly reify   '/Users/dannywchen/Documents/GitHub/my-wikipedia/node_modules/sync-message-port': '/Users/dannywchen/Documents/GitHub/my-wikipedia/node_modules/.sync-message-port-blZ30GNB',
377 silly reify   '/Users/dannywchen/Documents/GitHub/my-wikipedia/node_modules/tiny-inflate': '/Users/dannywchen/Documents/GitHub/my-wikipedia/node_modules/.tiny-inflate-FC9w4MkU',
377 silly reify   '/Users/dannywchen/Documents/GitHub/my-wikipedia/node_modules/tiny-lru': '/Users/dannywchen/Documents/GitHub/my-wikipedia/node_modules/.tiny-lru-4NMgiXT4',
377 silly reify   '/Users/dannywchen/Documents/GitHub/my-wikipedia/node_modules/to-regex-range': '/Users/dannywchen/Documents/GitHub/my-wikipedia/node_modules/.to-regex-range-pgsMTrca',
377 silly reify   '/Users/dannywchen/Documents/GitHub/my-wikipedia/node_modules/trim-lines': '/Users/dannywchen/Documents/GitHub/my-wikipedia/node_modules/.trim-lines-a0TSfNWI',
377 silly reify   '/Users/dannywchen/Documents/GitHub/my-wikipedia/node_modules/trough': '/Users/dannywchen/Documents/GitHub/my-wikipedia/node_modules/.trough-p7DZOwzW',
377 silly reify   '/Users/dannywchen/Documents/GitHub/my-wikipedia/node_modules/tslib': '/Users/dannywchen/Documents/GitHub/my-wikipedia/node_modules/.tslib-x9A3RE7j',
377 silly reify   '/Users/dannywchen/Documents/GitHub/my-wikipedia/node_modules/undici-types': '/Users/dannywchen/Documents/GitHub/my-wikipedia/node_modules/.undici-types-VBcouUjD',
377 silly reify   '/Users/dannywchen/Documents/GitHub/my-wikipedia/node_modules/unicode-trie': '/Users/dannywchen/Documents/GitHub/my-wikipedia/node_modules/.unicode-trie-gcqmkpPv',
377 silly reify   '/Users/dannywchen/Documents/GitHub/my-wikipedia/node_modules/unicorn-magic': '/Users/dannywchen/Documents/GitHub/my-wikipedia/node_modules/.unicorn-magic-cbFL0I9u',
377 silly reify   '/Users/dannywchen/Documents/GitHub/my-wikipedia/node_modules/unist-util-find-after': '/Users/dannywchen/Documents/GitHub/my-wikipedia/node_modules/.unist-util-find-after-9EIQX9qR',
377 silly reify   '/Users/dannywchen/Documents/GitHub/my-wikipedia/node_modules/unist-util-is': '/Users/dannywchen/Documents/GitHub/my-wikipedia/node_modules/.unist-util-is-yHo2uG4G',
377 silly reify   '/Users/dannywchen/Documents/GitHub/my-wikipedia/node_modules/unist-util-modify-children': '/Users/dannywchen/Documents/GitHub/my-wikipedia/node_modules/.unist-util-modify-children-3AZu0akO',
377 silly reify   '/Users/dannywchen/Documents/GitHub/my-wikipedia/node_modules/unist-util-position': '/Users/dannywchen/Documents/GitHub/my-wikipedia/node_modules/.unist-util-position-SC2yGqCY',
377 silly reify   '/Users/dannywchen/Documents/GitHub/my-wikipedia/node_modules/unist-util-remove-position': '/Users/dannywchen/Documents/GitHub/my-wikipedia/node_modules/.unist-util-remove-position-pqM0aJME',
377 silly reify   '/Users/dannywchen/Documents/GitHub/my-wikipedia/node_modules/unist-util-visit-children': '/Users/dannywchen/Documents/GitHub/my-wikipedia/node_modules/.unist-util-visit-children-9Pr471BZ',
377 silly reify   '/Users/dannywchen/Documents/GitHub/my-wikipedia/node_modules/unist-util-visit-parents': '/Users/dannywchen/Documents/GitHub/my-wikipedia/node_modules/.unist-util-visit-parents-GuxRKJFB',
377 silly reify   '/Users/dannywchen/Documents/GitHub/my-wikipedia/node_modules/varint': '/Users/dannywchen/Documents/GitHub/my-wikipedia/node_modules/.varint-EjKLYZK1',
377 silly reify   '/Users/dannywchen/Documents/GitHub/my-wikipedia/node_modules/vfile-location': '/Users/dannywchen/Documents/GitHub/my-wikipedia/node_modules/.vfile-location-r0DZmPTh',
377 silly reify   '/Users/dannywchen/Documents/GitHub/my-wikipedia/node_modules/web-namespaces': '/Users/dannywchen/Documents/GitHub/my-wikipedia/node_modules/.web-namespaces-HtQSwS9e',
377 silly reify   '/Users/dannywchen/Documents/GitHub/my-wikipedia/node_modules/wicked-good-xpath': '/Users/dannywchen/Documents/GitHub/my-wikipedia/node_modules/.wicked-good-xpath-UnXA9rjr',
377 silly reify   '/Users/dannywchen/Documents/GitHub/my-wikipedia/node_modules/xmldom-sre': '/Users/dannywchen/Documents/GitHub/my-wikipedia/node_modules/.xmldom-sre-U9H5er0V',
377 silly reify   '/Users/dannywchen/Documents/GitHub/my-wikipedia/node_modules/wrap-ansi': '/Users/dannywchen/Documents/GitHub/my-wikipedia/node_modules/.wrap-ansi-ixpF6ZAw',
377 silly reify   '/Users/dannywchen/Documents/GitHub/my-wikipedia/node_modules/y18n': '/Users/dannywchen/Documents/GitHub/my-wikipedia/node_modules/.y18n-kvYaAVTH',
377 silly reify   '/Users/dannywchen/Documents/GitHub/my-wikipedia/node_modules/yargs-parser': '/Users/dannywchen/Documents/GitHub/my-wikipedia/node_modules/.yargs-parser-MHpWUm07',
377 silly reify   '/Users/dannywchen/Documents/GitHub/my-wikipedia/node_modules/yoga-layout': '/Users/dannywchen/Documents/GitHub/my-wikipedia/node_modules/.yoga-layout-iekJlDcs',
377 silly reify   '/Users/dannywchen/Documents/GitHub/my-wikipedia/node_modules/zwitch': '/Users/dannywchen/Documents/GitHub/my-wikipedia/node_modules/.zwitch-nzjwi6Nr',
377 silly reify   '/Users/dannywchen/Documents/GitHub/my-wikipedia/node_modules/@bufbuild/protobuf': '/Users/dannywchen/Documents/GitHub/my-wikipedia/node_modules/@bufbuild/.protobuf-qQlpXDi7',
377 silly reify   '/Users/dannywchen/Documents/GitHub/my-wikipedia/node_modules/@citation-js/core': '/Users/dannywchen/Documents/GitHub/my-wikipedia/node_modules/@citation-js/.core-EXQPHJrg',
377 silly reify   '/Users/dannywchen/Documents/GitHub/my-wikipedia/node_modules/@citation-js/date': '/Users/dannywchen/Documents/GitHub/my-wikipedia/node_modules/@citation-js/.date-6WOcKxkQ',
377 silly reify   '/Users/dannywchen/Documents/GitHub/my-wikipedia/node_modules/@citation-js/name': '/Users/dannywchen/Documents/GitHub/my-wikipedia/node_modules/@citation-js/.name-aHhMw7Lq',
377 silly reify   '/Users/dannywchen/Documents/GitHub/my-wikipedia/node_modules/@citation-js/plugin-bibjson': '/Users/dannywchen/Documents/GitHub/my-wikipedia/node_modules/@citation-js/.plugin-bibjson-mpstOVZc',
377 silly reify   '/Users/dannywchen/Documents/GitHub/my-wikipedia/node_modules/@citation-js/plugin-bibtex': '/Users/dannywchen/Documents/GitHub/my-wikipedia/node_modules/@citation-js/.plugin-bibtex-IuhPRFXu',
377 silly reify   '/Users/dannywchen/Documents/GitHub/my-wikipedia/node_modules/@citation-js/plugin-csl': '/Users/dannywchen/Documents/GitHub/my-wikipedia/node_modules/@citation-js/.plugin-csl-yvsA7zGr',
377 silly reify   '/Users/dannywchen/Documents/GitHub/my-wikipedia/node_modules/@clack/core': '/Users/dannywchen/Documents/GitHub/my-wikipedia/node_modules/@clack/.core-onhIFbZT',
377 silly reify   '/Users/dannywchen/Documents/GitHub/my-wikipedia/node_modules/@esbuild/darwin-arm64': '/Users/dannywchen/Documents/GitHub/my-wikipedia/node_modules/@esbuild/.darwin-arm64-TpxMYmAy',
377 silly reify   '/Users/dannywchen/Documents/GitHub/my-wikipedia/node_modules/@floating-ui/core': '/Users/dannywchen/Documents/GitHub/my-wikipedia/node_modules/@floating-ui/.core-s2Lt3fOF',
377 silly reify   '/Users/dannywchen/Documents/GitHub/my-wikipedia/node_modules/@floating-ui/utils': '/Users/dannywchen/Documents/GitHub/my-wikipedia/node_modules/@floating-ui/.utils-UV1pMMRJ',
377 silly reify   '/Users/dannywchen/Documents/GitHub/my-wikipedia/node_modules/@img/colour': '/Users/dannywchen/Documents/GitHub/my-wikipedia/node_modules/@img/.colour-3Fx044rs',
377 silly reify   '/Users/dannywchen/Documents/GitHub/my-wikipedia/node_modules/@img/sharp-darwin-arm64': '/Users/dannywchen/Documents/GitHub/my-wikipedia/node_modules/@img/.sharp-darwin-arm64-iDlHJQm6',
377 silly reify   '/Users/dannywchen/Documents/GitHub/my-wikipedia/node_modules/@img/sharp-libvips-darwin-arm64': '/Users/dannywchen/Documents/GitHub/my-wikipedia/node_modules/@img/.sharp-libvips-darwin-arm64-cGvE8Qkd',
377 silly reify   '/Users/dannywchen/Documents/GitHub/my-wikipedia/node_modules/@isaacs/balanced-match': '/Users/dannywchen/Documents/GitHub/my-wikipedia/node_modules/@isaacs/.balanced-match-QWJBVRjr',
377 silly reify   '/Users/dannywchen/Documents/GitHub/my-wikipedia/node_modules/@isaacs/brace-expansion': '/Users/dannywchen/Documents/GitHub/my-wikipedia/node_modules/@isaacs/.brace-expansion-yyl3LDGV',
377 silly reify   '/Users/dannywchen/Documents/GitHub/my-wikipedia/node_modules/@myriaddreamin/typst-ts-node-compiler': '/Users/dannywchen/Documents/GitHub/my-wikipedia/node_modules/@myriaddreamin/.typst-ts-node-compiler-xUxaudDX',
377 silly reify   '/Users/dannywchen/Documents/GitHub/my-wikipedia/node_modules/@myriaddreamin/typst-ts-node-compiler-darwin-arm64': '/Users/dannywchen/Documents/GitHub/my-wikipedia/node_modules/@myriaddreamin/.typst-ts-node-compiler-darwin-arm64-ZYcvVJc0',
377 silly reify   '/Users/dannywchen/Documents/GitHub/my-wikipedia/node_modules/@napi-rs/simple-git-darwin-arm64': '/Users/dannywchen/Documents/GitHub/my-wikipedia/node_modules/@napi-rs/.simple-git-darwin-arm64-h5u5PrAH',
377 silly reify   '/Users/dannywchen/Documents/GitHub/my-wikipedia/node_modules/@nodelib/fs.scandir': '/Users/dannywchen/Documents/GitHub/my-wikipedia/node_modules/@nodelib/.fs.scandir-WpF9a4zE',
377 silly reify   '/Users/dannywchen/Documents/GitHub/my-wikipedia/node_modules/@nodelib/fs.stat': '/Users/dannywchen/Documents/GitHub/my-wikipedia/node_modules/@nodelib/.fs.stat-CKTXTpwr',
377 silly reify   '/Users/dannywchen/Documents/GitHub/my-wikipedia/node_modules/@nodelib/fs.walk': '/Users/dannywchen/Documents/GitHub/my-wikipedia/node_modules/@nodelib/.fs.walk-V7ZXmMmA',
377 silly reify   '/Users/dannywchen/Documents/GitHub/my-wikipedia/node_modules/@parcel/watcher': '/Users/dannywchen/Documents/GitHub/my-wikipedia/node_modules/@parcel/.watcher-E7qE9G7b',
377 silly reify   '/Users/dannywchen/Documents/GitHub/my-wikipedia/node_modules/@parcel/watcher-darwin-arm64': '/Users/dannywchen/Documents/GitHub/my-wikipedia/node_modules/@parcel/.watcher-darwin-arm64-xt73Y5PT',
377 silly reify   '/Users/dannywchen/Documents/GitHub/my-wikipedia/node_modules/@pixi/colord': '/Users/dannywchen/Documents/GitHub/my-wikipedia/node_modules/@pixi/.colord-r393D5vk',
377 silly reify   '/Users/dannywchen/Documents/GitHub/my-wikipedia/node_modules/@sindresorhus/merge-streams': '/Users/dannywchen/Documents/GitHub/my-wikipedia/node_modules/@sindresorhus/.merge-streams-Ww2xLPXT',
377 silly reify   '/Users/dannywchen/Documents/GitHub/my-wikipedia/node_modules/@types/css-font-loading-module': '/Users/dannywchen/Documents/GitHub/my-wikipedia/node_modules/@types/.css-font-loading-module-JoSwPlRJ',
377 silly reify   '/Users/dannywchen/Documents/GitHub/my-wikipedia/node_modules/@types/d3-array': '/Users/dannywchen/Documents/GitHub/my-wikipedia/node_modules/@types/.d3-array-e7YJ1gbR',
377 silly reify   '/Users/dannywchen/Documents/GitHub/my-wikipedia/node_modules/@types/d3-axis': '/Users/dannywchen/Documents/GitHub/my-wikipedia/node_modules/@types/.d3-axis-LTvquRsu',
377 silly reify   '/Users/dannywchen/Documents/GitHub/my-wikipedia/node_modules/@types/d3-brush': '/Users/dannywchen/Documents/GitHub/my-wikipedia/node_modules/@types/.d3-brush-dhmzQ0mV',
377 silly reify   '/Users/dannywchen/Documents/GitHub/my-wikipedia/node_modules/@types/d3-chord': '/Users/dannywchen/Documents/GitHub/my-wikipedia/node_modules/@types/.d3-chord-xp4HgfkC',
377 silly reify   '/Users/dannywchen/Documents/GitHub/my-wikipedia/node_modules/@types/d3-color': '/Users/dannywchen/Documents/GitHub/my-wikipedia/node_modules/@types/.d3-color-CPDiXirw',
377 silly reify   '/Users/dannywchen/Documents/GitHub/my-wikipedia/node_modules/@types/d3-contour': '/Users/dannywchen/Documents/GitHub/my-wikipedia/node_modules/@types/.d3-contour-7gxqFQ5j',
377 silly reify   '/Users/dannywchen/Documents/GitHub/my-wikipedia/node_modules/@types/d3-dispatch': '/Users/dannywchen/Documents/GitHub/my-wikipedia/node_modules/@types/.d3-dispatch-EdRY4etT',
377 silly reify   '/Users/dannywchen/Documents/GitHub/my-wikipedia/node_modules/@types/d3-delaunay': '/Users/dannywchen/Documents/GitHub/my-wikipedia/node_modules/@types/.d3-delaunay-BkM9oEDl',
377 silly reify   '/Users/dannywchen/Documents/GitHub/my-wikipedia/node_modules/@types/d3-drag': '/Users/dannywchen/Documents/GitHub/my-wikipedia/node_modules/@types/.d3-drag-CwuUCrSL',
377 silly reify   '/Users/dannywchen/Documents/GitHub/my-wikipedia/node_modules/@types/d3-dsv': '/Users/dannywchen/Documents/GitHub/my-wikipedia/node_modules/@types/.d3-dsv-0ihMXeqh',
377 silly reify   '/Users/dannywchen/Documents/GitHub/my-wikipedia/node_modules/@types/d3-ease': '/Users/dannywchen/Documents/GitHub/my-wikipedia/node_modules/@types/.d3-ease-0CuUzKl1',
377 silly reify   '/Users/dannywchen/Documents/GitHub/my-wikipedia/node_modules/@types/d3-fetch': '/Users/dannywchen/Documents/GitHub/my-wikipedia/node_modules/@types/.d3-fetch-yHFrg0gV',
377 silly reify   '/Users/dannywchen/Documents/GitHub/my-wikipedia/node_modules/@types/d3-force': '/Users/dannywchen/Documents/GitHub/my-wikipedia/node_modules/@types/.d3-force-GlvdPKo3',
377 silly reify   '/Users/dannywchen/Documents/GitHub/my-wikipedia/node_modules/@types/d3-format': '/Users/dannywchen/Documents/GitHub/my-wikipedia/node_modules/@types/.d3-format-jSPecTZQ',
377 silly reify   '/Users/dannywchen/Documents/GitHub/my-wikipedia/node_modules/@types/d3-geo': '/Users/dannywchen/Documents/GitHub/my-wikipedia/node_modules/@types/.d3-geo-5SZIHvYr',
377 silly reify   '/Users/dannywchen/Documents/GitHub/my-wikipedia/node_modules/@types/d3-hierarchy': '/Users/dannywchen/Documents/GitHub/my-wikipedia/node_modules/@types/.d3-hierarchy-XO1Quu8K',
377 silly reify   '/Users/dannywchen/Documents/GitHub/my-wikipedia/node_modules/@types/d3-interpolate': '/Users/dannywchen/Documents/GitHub/my-wikipedia/node_modules/@types/.d3-interpolate-MUAEKk8T',
377 silly reify   '/Users/dannywchen/Documents/GitHub/my-wikipedia/node_modules/@types/d3-path': '/Users/dannywchen/Documents/GitHub/my-wikipedia/node_modules/@types/.d3-path-kQzAZIoH',
377 silly reify   '/Users/dannywchen/Documents/GitHub/my-wikipedia/node_modules/@types/d3-polygon': '/Users/dannywchen/Documents/GitHub/my-wikipedia/node_modules/@types/.d3-polygon-BFku9jEV',
377 silly reify   '/Users/dannywchen/Documents/GitHub/my-wikipedia/node_modules/@types/d3-quadtree': '/Users/dannywchen/Documents/GitHub/my-wikipedia/node_modules/@types/.d3-quadtree-x0qErhJs',
377 silly reify   '/Users/dannywchen/Documents/GitHub/my-wikipedia/node_modules/@types/d3-random': '/Users/dannywchen/Documents/GitHub/my-wikipedia/node_modules/@types/.d3-random-9jOcg8gW',
377 silly reify   '/Users/dannywchen/Documents/GitHub/my-wikipedia/node_modules/@types/d3-scale': '/Users/dannywchen/Documents/GitHub/my-wikipedia/node_modules/@types/.d3-scale-4f1oVdXB',
377 silly reify   '/Users/dannywchen/Documents/GitHub/my-wikipedia/node_modules/@types/d3-scale-chromatic': '/Users/dannywchen/Documents/GitHub/my-wikipedia/node_modules/@types/.d3-scale-chromatic-F98R1h1S',
377 silly reify   '/Users/dannywchen/Documents/GitHub/my-wikipedia/node_modules/@types/d3-selection': '/Users/dannywchen/Documents/GitHub/my-wikipedia/node_modules/@types/.d3-selection-pX80pwI3',
377 silly reify   '/Users/dannywchen/Documents/GitHub/my-wikipedia/node_modules/@types/d3-shape': '/Users/dannywchen/Documents/GitHub/my-wikipedia/node_modules/@types/.d3-shape-pZmrwPVO',
377 silly reify   '/Users/dannywchen/Documents/GitHub/my-wikipedia/node_modules/@types/d3-time': '/Users/dannywchen/Documents/GitHub/my-wikipedia/node_modules/@types/.d3-time-78D73cQu',
377 silly reify   '/Users/dannywchen/Documents/GitHub/my-wikipedia/node_modules/@types/d3-time-format': '/Users/dannywchen/Documents/GitHub/my-wikipedia/node_modules/@types/.d3-time-format-siZscIzX',
377 silly reify   '/Users/dannywchen/Documents/GitHub/my-wikipedia/node_modules/@types/d3-timer': '/Users/dannywchen/Documents/GitHub/my-wikipedia/node_modules/@types/.d3-timer-K2ZYiN9T',
377 silly reify   '/Users/dannywchen/Documents/GitHub/my-wikipedia/node_modules/@types/d3-transition': '/Users/dannywchen/Documents/GitHub/my-wikipedia/node_modules/@types/.d3-transition-KhKqhEL2',
377 silly reify   '/Users/dannywchen/Documents/GitHub/my-wikipedia/node_modules/@types/d3-zoom': '/Users/dannywchen/Documents/GitHub/my-wikipedia/node_modules/@types/.d3-zoom-HKvUewSv',
377 silly reify   '/Users/dannywchen/Documents/GitHub/my-wikipedia/node_modules/@types/debug': '/Users/dannywchen/Documents/GitHub/my-wikipedia/node_modules/@types/.debug-5dRjjEpT',
377 silly reify   '/Users/dannywchen/Documents/GitHub/my-wikipedia/node_modules/@types/earcut': '/Users/dannywchen/Documents/GitHub/my-wikipedia/node_modules/@types/.earcut-jlGaT0ab',
377 silly reify   '/Users/dannywchen/Documents/GitHub/my-wikipedia/node_modules/@types/estree': '/Users/dannywchen/Documents/GitHub/my-wikipedia/node_modules/@types/.estree-ZVzH3DuF',
377 silly reify   '/Users/dannywchen/Documents/GitHub/my-wikipedia/node_modules/@types/estree-jsx': '/Users/dannywchen/Documents/GitHub/my-wikipedia/node_modules/@types/.estree-jsx-eAB30fEd',
377 silly reify   '/Users/dannywchen/Documents/GitHub/my-wikipedia/node_modules/@types/geojson': '/Users/dannywchen/Documents/GitHub/my-wikipedia/node_modules/@types/.geojson-G3e1sCGa',
377 silly reify   '/Users/dannywchen/Documents/GitHub/my-wikipedia/node_modules/@types/katex': '/Users/dannywchen/Documents/GitHub/my-wikipedia/node_modules/@types/.katex-xPMwXs6d',
377 silly reify   '/Users/dannywchen/Documents/GitHub/my-wikipedia/node_modules/@types/mathjax': '/Users/dannywchen/Documents/GitHub/my-wikipedia/node_modules/@types/.mathjax-dJvIBnJi',
377 silly reify   '/Users/dannywchen/Documents/GitHub/my-wikipedia/node_modules/@types/mdast': '/Users/dannywchen/Documents/GitHub/my-wikipedia/node_modules/@types/.mdast-915agPeO',
377 silly reify   '/Users/dannywchen/Documents/GitHub/my-wikipedia/node_modules/@types/ms': '/Users/dannywchen/Documents/GitHub/my-wikipedia/node_modules/@types/.ms-E5dYJmJi',
377 silly reify   '/Users/dannywchen/Documents/GitHub/my-wikipedia/node_modules/@types/nlcst': '/Users/dannywchen/Documents/GitHub/my-wikipedia/node_modules/@types/.nlcst-8evFpyH0',
377 silly reify   '/Users/dannywchen/Documents/GitHub/my-wikipedia/node_modules/@types/unist': '/Users/dannywchen/Documents/GitHub/my-wikipedia/node_modules/@types/.unist-r4TsS55G',
377 silly reify   '/Users/dannywchen/Documents/GitHub/my-wikipedia/node_modules/@types/yargs-parser': '/Users/dannywchen/Documents/GitHub/my-wikipedia/node_modules/@types/.yargs-parser-vpnW1z4n',
377 silly reify   '/Users/dannywchen/Documents/GitHub/my-wikipedia/node_modules/@shuding/opentype.js': '/Users/dannywchen/Documents/GitHub/my-wikipedia/node_modules/@shuding/.opentype.js-vkFMX1pK',
377 silly reify   '/Users/dannywchen/Documents/GitHub/my-wikipedia/node_modules/@shikijs/core': '/Users/dannywchen/Documents/GitHub/my-wikipedia/node_modules/@shikijs/.core-nZNggOm5',
377 silly reify   '/Users/dannywchen/Documents/GitHub/my-wikipedia/node_modules/@shikijs/engine-javascript': '/Users/dannywchen/Documents/GitHub/my-wikipedia/node_modules/@shikijs/.engine-javascript-WfFDsnYh',
377 silly reify   '/Users/dannywchen/Documents/GitHub/my-wikipedia/node_modules/@shikijs/engine-oniguruma': '/Users/dannywchen/Documents/GitHub/my-wikipedia/node_modules/@shikijs/.engine-oniguruma-nXRGzyrV',
377 silly reify   '/Users/dannywchen/Documents/GitHub/my-wikipedia/node_modules/@shikijs/langs': '/Users/dannywchen/Documents/GitHub/my-wikipedia/node_modules/@shikijs/.langs-Le66TKHU',
377 silly reify   '/Users/dannywchen/Documents/GitHub/my-wikipedia/node_modules/@shikijs/themes': '/Users/dannywchen/Documents/GitHub/my-wikipedia/node_modules/@shikijs/.themes-nG7ZNN9m',
377 silly reify   '/Users/dannywchen/Documents/GitHub/my-wikipedia/node_modules/@shikijs/types': '/Users/dannywchen/Documents/GitHub/my-wikipedia/node_modules/@shikijs/.types-PwFCWTFO',
377 silly reify   '/Users/dannywchen/Documents/GitHub/my-wikipedia/node_modules/@shikijs/vscode-textmate': '/Users/dannywchen/Documents/GitHub/my-wikipedia/node_modules/@shikijs/.vscode-textmate-up1YecIw',
377 silly reify   '/Users/dannywchen/Documents/GitHub/my-wikipedia/node_modules/@ungap/structured-clone': '/Users/dannywchen/Documents/GitHub/my-wikipedia/node_modules/@ungap/.structured-clone-761Fs3mR',
377 silly reify   '/Users/dannywchen/Documents/GitHub/my-wikipedia/node_modules/@xmldom/xmldom': '/Users/dannywchen/Documents/GitHub/my-wikipedia/node_modules/@xmldom/.xmldom-TEtSQjR7',
377 silly reify   '/Users/dannywchen/Documents/GitHub/my-wikipedia/node_modules/@webgpu/types': '/Users/dannywchen/Documents/GitHub/my-wikipedia/node_modules/@webgpu/.types-qGxqJ7xl'
377 silly reify }
378 silly audit bulk request {
378 silly audit   '@bufbuild/protobuf': [ '2.10.2' ],
378 silly audit   '@citation-js/core': [ '0.7.14' ],
378 silly audit   '@citation-js/date': [ '0.5.1' ],
378 silly audit   '@citation-js/name': [ '0.4.2' ],
378 silly audit   '@citation-js/plugin-bibjson': [ '0.7.14' ],
378 silly audit   '@citation-js/plugin-bibtex': [ '0.7.14' ],
378 silly audit   '@citation-js/plugin-csl': [ '0.7.14' ],
378 silly audit   '@clack/core': [ '0.5.0' ],
378 silly audit   '@clack/prompts': [ '0.11.0' ],
378 silly audit   '@emnapi/runtime': [ '1.7.1' ],
378 silly audit   '@esbuild/aix-ppc64': [ '0.27.2' ],
378 silly audit   '@esbuild/android-arm': [ '0.27.2' ],
378 silly audit   '@esbuild/android-arm64': [ '0.27.2' ],
378 silly audit   '@esbuild/android-x64': [ '0.27.2' ],
378 silly audit   '@esbuild/darwin-arm64': [ '0.27.2' ],
378 silly audit   '@esbuild/darwin-x64': [ '0.27.2' ],
378 silly audit   '@esbuild/freebsd-arm64': [ '0.27.2' ],
378 silly audit   '@esbuild/freebsd-x64': [ '0.27.2' ],
378 silly audit   '@esbuild/linux-arm': [ '0.27.2' ],
378 silly audit   '@esbuild/linux-arm64': [ '0.27.2' ],
378 silly audit   '@esbuild/linux-ia32': [ '0.27.2' ],
378 silly audit   '@esbuild/linux-loong64': [ '0.27.2' ],
378 silly audit   '@esbuild/linux-mips64el': [ '0.27.2' ],
378 silly audit   '@esbuild/linux-ppc64': [ '0.27.2' ],
378 silly audit   '@esbuild/linux-riscv64': [ '0.27.2' ],
378 silly audit   '@esbuild/linux-s390x': [ '0.27.2' ],
378 silly audit   '@esbuild/linux-x64': [ '0.27.2' ],
378 silly audit   '@esbuild/netbsd-arm64': [ '0.27.2' ],
378 silly audit   '@esbuild/netbsd-x64': [ '0.27.2' ],
378 silly audit   '@esbuild/openbsd-arm64': [ '0.27.2' ],
378 silly audit   '@esbuild/openbsd-x64': [ '0.27.2' ],
378 silly audit   '@esbuild/openharmony-arm64': [ '0.27.2' ],
378 silly audit   '@esbuild/sunos-x64': [ '0.27.2' ],
378 silly audit   '@esbuild/win32-arm64': [ '0.27.2' ],
378 silly audit   '@esbuild/win32-ia32': [ '0.27.2' ],
378 silly audit   '@esbuild/win32-x64': [ '0.27.2' ],
378 silly audit   '@floating-ui/core': [ '1.7.3' ],
378 silly audit   '@floating-ui/dom': [ '1.7.4' ],
378 silly audit   '@floating-ui/utils': [ '0.2.10' ],
378 silly audit   '@img/colour': [ '1.0.0' ],
378 silly audit   '@img/sharp-darwin-arm64': [ '0.34.5' ],
378 silly audit   '@img/sharp-darwin-x64': [ '0.34.5' ],
378 silly audit   '@img/sharp-libvips-darwin-arm64': [ '1.2.4' ],
378 silly audit   '@img/sharp-libvips-darwin-x64': [ '1.2.4' ],
378 silly audit   '@img/sharp-libvips-linux-arm': [ '1.2.4' ],
378 silly audit   '@img/sharp-libvips-linux-arm64': [ '1.2.4' ],
378 silly audit   '@img/sharp-libvips-linux-ppc64': [ '1.2.4' ],
378 silly audit   '@img/sharp-libvips-linux-riscv64': [ '1.2.4' ],
378 silly audit   '@img/sharp-libvips-linux-s390x': [ '1.2.4' ],
378 silly audit   '@img/sharp-libvips-linux-x64': [ '1.2.4' ],
378 silly audit   '@img/sharp-libvips-linuxmusl-arm64': [ '1.2.4' ],
378 silly audit   '@img/sharp-libvips-linuxmusl-x64': [ '1.2.4' ],
378 silly audit   '@img/sharp-linux-arm': [ '0.34.5' ],
378 silly audit   '@img/sharp-linux-arm64': [ '0.34.5' ],
378 silly audit   '@img/sharp-linux-ppc64': [ '0.34.5' ],
378 silly audit   '@img/sharp-linux-riscv64': [ '0.34.5' ],
378 silly audit   '@img/sharp-linux-s390x': [ '0.34.5' ],
378 silly audit   '@img/sharp-linux-x64': [ '0.34.5' ],
378 silly audit   '@img/sharp-linuxmusl-arm64': [ '0.34.5' ],
378 silly audit   '@img/sharp-linuxmusl-x64': [ '0.34.5' ],
378 silly audit   '@img/sharp-wasm32': [ '0.34.5' ],
378 silly audit   '@img/sharp-win32-arm64': [ '0.34.5' ],
378 silly audit   '@img/sharp-win32-ia32': [ '0.34.5' ],
378 silly audit   '@img/sharp-win32-x64': [ '0.34.5' ],
378 silly audit   '@isaacs/balanced-match': [ '4.0.1' ],
378 silly audit   '@isaacs/brace-expansion': [ '5.0.0' ],
378 silly audit   '@myriaddreamin/rehype-typst': [ '0.6.0' ],
378 silly audit   '@myriaddreamin/typst-ts-node-compiler': [ '0.6.0' ],
378 silly audit   '@myriaddreamin/typst-ts-node-compiler-android-arm-eabi': [ '0.6.0' ],
378 silly audit   '@myriaddreamin/typst-ts-node-compiler-android-arm64': [ '0.6.0' ],
378 silly audit   '@myriaddreamin/typst-ts-node-compiler-darwin-arm64': [ '0.6.0' ],
378 silly audit   '@myriaddreamin/typst-ts-node-compiler-darwin-x64': [ '0.6.0' ],
378 silly audit   '@myriaddreamin/typst-ts-node-compiler-linux-arm-gnueabihf': [ '0.6.0' ],
378 silly audit   '@myriaddreamin/typst-ts-node-compiler-linux-arm64-gnu': [ '0.6.0' ],
378 silly audit   '@myriaddreamin/typst-ts-node-compiler-linux-arm64-musl': [ '0.6.0' ],
378 silly audit   '@myriaddreamin/typst-ts-node-compiler-linux-x64-gnu': [ '0.6.0' ],
378 silly audit   '@myriaddreamin/typst-ts-node-compiler-linux-x64-musl': [ '0.6.0' ],
378 silly audit   '@myriaddreamin/typst-ts-node-compiler-win32-arm64-msvc': [ '0.6.0' ],
378 silly audit   '@myriaddreamin/typst-ts-node-compiler-win32-x64-msvc': [ '0.6.0' ],
378 silly audit   '@napi-rs/simple-git': [ '0.1.22' ],
378 silly audit   '@napi-rs/simple-git-android-arm-eabi': [ '0.1.22' ],
378 silly audit   '@napi-rs/simple-git-android-arm64': [ '0.1.22' ],
378 silly audit   '@napi-rs/simple-git-darwin-arm64': [ '0.1.22' ],
378 silly audit   '@napi-rs/simple-git-darwin-x64': [ '0.1.22' ],
378 silly audit   '@napi-rs/simple-git-freebsd-x64': [ '0.1.22' ],
378 silly audit   '@napi-rs/simple-git-linux-arm-gnueabihf': [ '0.1.22' ],
378 silly audit   '@napi-rs/simple-git-linux-arm64-gnu': [ '0.1.22' ],
378 silly audit   '@napi-rs/simple-git-linux-arm64-musl': [ '0.1.22' ],
378 silly audit   '@napi-rs/simple-git-linux-ppc64-gnu': [ '0.1.22' ],
378 silly audit   '@napi-rs/simple-git-linux-s390x-gnu': [ '0.1.22' ],
378 silly audit   '@napi-rs/simple-git-linux-x64-gnu': [ '0.1.22' ],
378 silly audit   '@napi-rs/simple-git-linux-x64-musl': [ '0.1.22' ],
378 silly audit   '@napi-rs/simple-git-win32-arm64-msvc': [ '0.1.22' ],
378 silly audit   '@napi-rs/simple-git-win32-ia32-msvc': [ '0.1.22' ],
378 silly audit   '@napi-rs/simple-git-win32-x64-msvc': [ '0.1.22' ],
378 silly audit   '@nodelib/fs.scandir': [ '2.1.5' ],
378 silly audit   '@nodelib/fs.stat': [ '2.0.5' ],
378 silly audit   '@nodelib/fs.walk': [ '1.2.8' ],
378 silly audit   '@parcel/watcher': [ '2.5.4' ],
378 silly audit   '@parcel/watcher-android-arm64': [ '2.5.4' ],
378 silly audit   '@parcel/watcher-darwin-arm64': [ '2.5.4' ],
378 silly audit   '@parcel/watcher-darwin-x64': [ '2.5.4' ],
378 silly audit   '@parcel/watcher-freebsd-x64': [ '2.5.4' ],
378 silly audit   '@parcel/watcher-linux-arm-glibc': [ '2.5.4' ],
378 silly audit   '@parcel/watcher-linux-arm-musl': [ '2.5.4' ],
378 silly audit   '@parcel/watcher-linux-arm64-glibc': [ '2.5.4' ],
378 silly audit   '@parcel/watcher-linux-arm64-musl': [ '2.5.4' ],
378 silly audit   '@parcel/watcher-linux-x64-glibc': [ '2.5.4' ],
378 silly audit   '@parcel/watcher-linux-x64-musl': [ '2.5.4' ],
378 silly audit   '@parcel/watcher-win32-arm64': [ '2.5.4' ],
378 silly audit   '@parcel/watcher-win32-ia32': [ '2.5.4' ],
378 silly audit   '@parcel/watcher-win32-x64': [ '2.5.4' ],
378 silly audit   picomatch: [ '4.0.3', '2.3.1' ],
378 silly audit   '@pixi/colord': [ '2.9.6' ],
378 silly audit   '@shikijs/core': [ '1.26.2' ],
378 silly audit   '@shikijs/engine-javascript': [ '1.26.2' ],
378 silly audit   '@shikijs/engine-oniguruma': [ '1.26.2' ],
378 silly audit   '@shikijs/langs': [ '1.26.2' ],
378 silly audit   '@shikijs/themes': [ '1.26.2' ],
378 silly audit   '@shikijs/types': [ '1.26.2' ],
378 silly audit   '@shikijs/vscode-textmate': [ '10.0.1' ],
378 silly audit   '@shuding/opentype.js': [ '1.4.0-beta.0' ],
378 silly audit   '@sindresorhus/merge-streams': [ '4.0.0' ],
378 silly audit   '@tweenjs/tween.js': [ '25.0.0' ],
378 silly audit   '@types/css-font-loading-module': [ '0.0.12' ],
378 silly audit   '@types/d3': [ '7.4.3' ],
378 silly audit   '@types/d3-array': [ '3.0.5' ],
378 silly audit   '@types/d3-axis': [ '3.0.2' ],
378 silly audit   '@types/d3-brush': [ '3.0.2' ],
378 silly audit   '@types/d3-chord': [ '3.0.2' ],
378 silly audit   '@types/d3-color': [ '3.1.0' ],
378 silly audit   '@types/d3-contour': [ '3.0.2' ],
378 silly audit   '@types/d3-delaunay': [ '6.0.1' ],
378 silly audit   '@types/d3-dispatch': [ '3.0.2' ],
378 silly audit   '@types/d3-drag': [ '3.0.2' ],
378 silly audit   '@types/d3-dsv': [ '3.0.1' ],
378 silly audit   '@types/d3-ease': [ '3.0.0' ],
378 silly audit   '@types/d3-fetch': [ '3.0.2' ],
378 silly audit   '@types/d3-force': [ '3.0.4' ],
378 silly audit   '@types/d3-format': [ '3.0.1' ],
378 silly audit   '@types/d3-geo': [ '3.0.3' ],
378 silly audit   '@types/d3-hierarchy': [ '3.1.2' ],
378 silly audit   '@types/d3-interpolate': [ '3.0.1' ],
378 silly audit   '@types/d3-path': [ '3.0.0' ],
378 silly audit   '@types/d3-polygon': [ '3.0.0' ],
378 silly audit   '@types/d3-quadtree': [ '3.0.2' ],
378 silly audit   '@types/d3-random': [ '3.0.1' ],
378 silly audit   '@types/d3-scale': [ '4.0.3' ],
378 silly audit   '@types/d3-scale-chromatic': [ '3.0.0' ],
378 silly audit   '@types/d3-selection': [ '3.0.5' ],
378 silly audit   '@types/d3-shape': [ '3.1.1' ],
378 silly audit   '@types/d3-time': [ '3.0.0' ],
378 silly audit   '@types/d3-time-format': [ '4.0.0' ],
378 silly audit   '@types/d3-timer': [ '3.0.0' ],
378 silly audit   '@types/d3-transition': [ '3.0.3' ],
378 silly audit   '@types/d3-zoom': [ '3.0.3' ],
378 silly audit   '@types/debug': [ '4.1.12' ],
378 silly audit   '@types/earcut': [ '3.0.0' ],
378 silly audit   '@types/estree': [ '1.0.5' ],
378 silly audit   '@types/estree-jsx': [ '1.0.3' ],
378 silly audit   '@types/geojson': [ '7946.0.10' ],
378 silly audit   '@types/hast': [ '3.0.4' ],
378 silly audit   '@types/js-yaml': [ '4.0.9' ],
378 silly audit   '@types/katex': [ '0.16.7' ],
378 silly audit   '@types/mathjax': [ '0.0.40' ],
378 silly audit   '@types/mdast': [ '4.0.3' ],
378 silly audit   '@types/ms': [ '0.7.34' ],
378 silly audit   '@types/nlcst': [ '2.0.3' ],
378 silly audit   '@types/node': [ '25.0.10' ],
378 silly audit   '@types/pretty-time': [ '1.1.5' ],
378 silly audit   '@types/source-map-support': [ '0.5.10' ],
378 silly audit   '@types/unist': [ '2.0.6', '3.0.2', '3.0.3' ],
378 silly audit   '@types/ws': [ '8.18.1' ],
378 silly audit   '@types/yargs': [ '17.0.35' ],
378 silly audit   '@types/yargs-parser': [ '21.0.0' ],
378 silly audit   '@ungap/structured-clone': [ '1.2.0' ],
378 silly audit   '@webgpu/types': [ '0.1.64' ],
378 silly audit   '@xmldom/xmldom': [ '0.8.10' ],
378 silly audit   'agent-base': [ '7.1.0' ],
378 silly audit   'ansi-regex': [ '6.1.0' ],
378 silly audit   'ansi-styles': [ '6.2.1' ],
378 silly audit   'ansi-truncate': [ '1.4.0' ],
378 silly audit   argparse: [ '2.0.1', '1.0.10' ],
378 silly audit   'array-iterate': [ '2.0.1' ],
378 silly audit   'async-mutex': [ '0.5.0' ],
378 silly audit   bail: [ '2.0.2' ],
378 silly audit   'balanced-match': [ '1.0.2' ],
378 silly audit   'base64-js': [ '1.5.1', '0.0.8' ],
378 silly audit   braces: [ '3.0.3' ],
378 silly audit   buffer: [ '5.7.1' ],
378 silly audit   'buffer-builder': [ '0.2.0' ],
378 silly audit   'buffer-from': [ '1.1.2' ],
378 silly audit   bytes: [ '3.0.0' ],
378 silly audit   camelize: [ '1.0.1' ],
378 silly audit   ccount: [ '2.0.1' ],
378 silly audit   'character-entities': [ '2.0.2' ],
378 silly audit   'character-entities-html4': [ '2.1.0' ],
378 silly audit   'character-entities-legacy': [ '3.0.0' ],
378 silly audit   'character-reference-invalid': [ '2.0.1' ],
378 silly audit   chokidar: [ '5.0.0', '4.0.3' ],
378 silly audit   citeproc: [ '2.4.63' ],
378 silly audit   'cli-spinner': [ '0.2.10' ],
378 silly audit   cliui: [ '9.0.1' ],
378 silly audit   'color-name': [ '1.1.4' ],
378 silly audit   'colorjs.io': [ '0.5.2' ],
378 silly audit   'comma-separated-tokens': [ '2.0.3' ],
378 silly audit   commander: [ '7.2.0', '8.3.0', '9.2.0' ],
378 silly audit   'concat-map': [ '0.0.1' ],
378 silly audit   'content-disposition': [ '0.5.2' ],
378 silly audit   'cross-fetch': [ '4.0.0' ],
378 silly audit   'css-background-parser': [ '0.1.0' ],
378 silly audit   'css-box-shadow': [ '1.0.0-3' ],
378 silly audit   'css-color-keywords': [ '1.0.0' ],
378 silly audit   'css-gradient-parser': [ '0.0.17' ],
378 silly audit   'css-to-react-native': [ '3.2.0' ],
378 silly audit   d3: [ '7.9.0' ],
378 silly audit   'd3-array': [ '3.2.4' ],
378 silly audit   'd3-axis': [ '3.0.0' ],
378 silly audit   'd3-brush': [ '3.0.0' ],
378 silly audit   'd3-chord': [ '3.0.1' ],
378 silly audit   'd3-color': [ '3.1.0' ],
378 silly audit   'd3-contour': [ '4.0.2' ],
378 silly audit   'd3-delaunay': [ '6.0.4' ],
378 silly audit   'd3-dispatch': [ '3.0.1' ],
378 silly audit   'd3-drag': [ '3.0.0' ],
378 silly audit   'd3-dsv': [ '3.0.1' ],
378 silly audit   'd3-ease': [ '3.0.1' ],
378 silly audit   'd3-fetch': [ '3.0.1' ],
378 silly audit   'd3-force': [ '3.0.0' ],
378 silly audit   'd3-format': [ '3.1.0' ],
378 silly audit   'd3-geo': [ '3.1.0' ],
378 silly audit   'd3-hierarchy': [ '3.1.2' ],
378 silly audit   'd3-interpolate': [ '3.0.1' ],
378 silly audit   'd3-path': [ '3.1.0' ],
378 silly audit   'd3-polygon': [ '3.0.1' ],
378 silly audit   'd3-quadtree': [ '3.0.1' ],
378 silly audit   'd3-random': [ '3.0.1' ],
378 silly audit   'd3-scale': [ '4.0.2' ],
378 silly audit   'd3-scale-chromatic': [ '3.0.0' ],
378 silly audit   'd3-selection': [ '3.0.0' ],
378 silly audit   'd3-shape': [ '3.2.0' ],
378 silly audit   'd3-time': [ '3.1.0' ],
378 silly audit   'd3-time-format': [ '4.1.0' ],
378 silly audit   'd3-timer': [ '3.0.1' ],
378 silly audit   'd3-transition': [ '3.0.1' ],
378 silly audit   'd3-zoom': [ '3.0.0' ],
378 silly audit   debug: [ '4.3.7' ],
378 silly audit   'decode-named-character-reference': [ '1.0.2' ],
378 silly audit   delaunator: [ '5.0.0' ],
378 silly audit   dequal: [ '2.0.3' ],
378 silly audit   'detect-libc': [ '2.1.2' ],
378 silly audit   devlop: [ '1.1.0' ],
378 silly audit   earcut: [ '3.0.2' ],
378 silly audit   'emoji-regex': [ '10.4.0' ],
378 silly audit   'emoji-regex-xs': [ '1.0.0', '2.0.1' ],
378 silly audit   entities: [ '4.5.0' ],
378 silly audit   esbuild: [ '0.27.2' ],
378 silly audit   'esbuild-sass-plugin': [ '3.6.0' ],
378 silly audit   escalade: [ '3.1.1' ],
378 silly audit   'escape-html': [ '1.0.3' ],
378 silly audit   'escape-string-regexp': [ '5.0.0' ],
378 silly audit   esm: [ '3.2.25' ],
378 silly audit   esprima: [ '4.0.1' ],
378 silly audit   'estree-util-is-identifier-name': [ '3.0.0' ],
378 silly audit   eventemitter3: [ '5.0.1' ],
378 silly audit   extend: [ '3.0.2' ],
378 silly audit   'extend-shallow': [ '2.0.1' ],
378 silly audit   'fast-glob': [ '3.3.3' ],
378 silly audit   'fast-string-truncated-width': [ '3.0.1' ],
378 silly audit   fastq: [ '1.19.0' ],
378 silly audit   fault: [ '2.0.1' ],
378 silly audit   'fetch-ponyfill': [ '7.1.0' ],
378 silly audit   'node-fetch': [ '2.6.13', '2.7.0' ],
378 silly audit   tr46: [ '0.0.3' ],
378 silly audit   'webidl-conversions': [ '3.0.1' ],
378 silly audit   'whatwg-url': [ '5.0.0' ],
378 silly audit   fflate: [ '0.7.4' ],
378 silly audit   'fill-range': [ '7.1.1' ],
378 silly audit   flexsearch: [ '0.8.205' ],
378 silly audit   format: [ '0.2.2' ],
378 silly audit   fsevents: [ '2.3.3' ],
378 silly audit   'function-bind': [ '1.1.2' ],
378 silly audit   'get-caller-file': [ '2.0.5' ],
378 silly audit   'get-east-asian-width': [ '1.3.0' ],
378 silly audit   'get-tsconfig': [ '4.7.5' ],
378 silly audit   'gifuct-js': [ '2.1.2' ],
378 silly audit   'github-slugger': [ '2.0.0' ],
378 silly audit   'glob-parent': [ '5.1.2' ],
378 silly audit   globby: [ '16.1.0' ],
378 silly audit   'gray-matter': [ '4.0.3' ],
378 silly audit   'js-yaml': [ '3.14.1', '4.1.1' ],
378 silly audit   'has-flag': [ '4.0.0' ],
378 silly audit   hasown: [ '2.0.2' ],
378 silly audit   'hast-util-from-dom': [ '5.0.0' ],
378 silly audit   'hast-util-from-html': [ '2.0.1' ],
378 silly audit   'hast-util-from-html-isomorphic': [ '2.0.0' ],
378 silly audit   'unist-util-stringify-position': [ '4.0.0' ],
378 silly audit   'vfile-message': [ '4.0.2' ],
378 silly audit   'hast-util-from-parse5': [ '8.0.1' ],
378 silly audit   'hast-util-heading-rank': [ '3.0.0' ],
378 silly audit   'hast-util-is-element': [ '3.0.0' ],
378 silly audit   'hast-util-parse-selector': [ '4.0.0' ],
378 silly audit   'hast-util-raw': [ '9.0.1' ],
378 silly audit   'hast-util-to-html': [ '9.0.5' ],
378 silly audit   'property-information': [ '7.0.0', '6.2.0' ],
378 silly audit   'hast-util-to-jsx-runtime': [ '2.3.6' ],
378 silly audit   'hast-util-to-parse5': [ '8.0.0' ],
378 silly audit   'hast-util-to-string': [ '3.0.1' ],
378 silly audit   'hast-util-to-text': [ '4.0.0' ],
378 silly audit   'hast-util-whitespace': [ '3.0.0' ],
378 silly audit   hastscript: [ '8.0.0', '9.0.0' ],
378 silly audit   'hex-rgb': [ '4.3.0' ],
378 silly audit   'html-void-elements': [ '3.0.0' ],
378 silly audit   'https-proxy-agent': [ '7.0.2' ],
378 silly audit   'iconv-lite': [ '0.6.3' ],
378 silly audit   ieee754: [ '1.2.1' ],
378 silly audit   ignore: [ '7.0.5' ],
378 silly audit   immutable: [ '5.1.4' ],
378 silly audit   'inline-style-parser': [ '0.2.4' ],
378 silly audit   internmap: [ '2.0.3' ],
378 silly audit   'is-absolute-url': [ '5.0.0' ],
378 silly audit   'is-alphabetical': [ '2.0.1' ],
378 silly audit   'is-alphanumerical': [ '2.0.1' ],
378 silly audit   'is-core-module': [ '2.16.1' ],
378 silly audit   'is-decimal': [ '2.0.1' ],
378 silly audit   'is-extendable': [ '0.1.1' ],
378 silly audit   'is-extglob': [ '2.1.1' ],
378 silly audit   'is-glob': [ '4.0.3' ],
378 silly audit   'is-hexadecimal': [ '2.0.1' ],
378 silly audit   'is-number': [ '7.0.0' ],
378 silly audit   'is-path-inside': [ '4.0.0' ],
378 silly audit   'is-plain-obj': [ '4.1.0' ],
378 silly audit   ismobilejs: [ '1.1.1' ],
378 silly audit   'js-binary-schema-parser': [ '2.0.3' ],
378 silly audit   katex: [ '0.16.21' ],
378 silly audit   'kind-of': [ '6.0.3' ],
378 silly audit   lightningcss: [ '1.31.1' ],
378 silly audit   'lightningcss-android-arm64': [ '1.31.1' ],
378 silly audit   'lightningcss-darwin-arm64': [ '1.31.1' ],
378 silly audit   'lightningcss-darwin-x64': [ '1.31.1' ],
378 silly audit   'lightningcss-freebsd-x64': [ '1.31.1' ],
378 silly audit   'lightningcss-linux-arm-gnueabihf': [ '1.31.1' ],
378 silly audit   'lightningcss-linux-arm64-gnu': [ '1.31.1' ],
378 silly audit   'lightningcss-linux-arm64-musl': [ '1.31.1' ],
378 silly audit   'lightningcss-linux-x64-gnu': [ '1.31.1' ],
378 silly audit   'lightningcss-linux-x64-musl': [ '1.31.1' ],
378 silly audit   'lightningcss-win32-arm64-msvc': [ '1.31.1' ],
378 silly audit   'lightningcss-win32-x64-msvc': [ '1.31.1' ],
378 silly audit   linebreak: [ '1.1.0' ],
378 silly audit   'longest-streak': [ '3.1.0' ],
378 silly audit   'markdown-table': [ '3.0.3' ],
378 silly audit   'mathjax-full': [ '3.2.2' ],
378 silly audit   'mdast-util-find-and-replace': [ '3.0.2' ],
378 silly audit   'mdast-util-from-markdown': [ '2.0.0' ],
378 silly audit   'mdast-util-frontmatter': [ '2.0.1' ],
378 silly audit   'mdast-util-gfm': [ '3.0.0' ],
378 silly audit   'mdast-util-gfm-autolink-literal': [ '2.0.0' ],
378 silly audit   'mdast-util-gfm-footnote': [ '2.0.0' ],
378 silly audit   'mdast-util-gfm-strikethrough': [ '2.0.0' ],
378 silly audit   'mdast-util-gfm-table': [ '2.0.0' ],
378 silly audit   'mdast-util-gfm-task-list-item': [ '2.0.0' ],
378 silly audit   'mdast-util-math': [ '3.0.0' ],
378 silly audit   'mdast-util-mdx-expression': [ '2.0.0' ],
378 silly audit   'mdast-util-mdx-jsx': [ '3.0.0' ],
378 silly audit   'mdast-util-mdxjs-esm': [ '2.0.1' ],
378 silly audit   'mdast-util-newline-to-break': [ '2.0.0' ],
378 silly audit   'mdast-util-phrasing': [ '4.0.0' ],
378 silly audit   'mdast-util-to-hast': [ '13.2.1' ],
378 silly audit   'mdast-util-to-markdown': [ '2.1.0' ],
378 silly audit   'mdast-util-to-string': [ '4.0.0' ],
378 silly audit   merge2: [ '1.4.1' ],
378 silly audit   mhchemparser: [ '4.2.1' ],
378 silly audit   micromark: [ '4.0.0' ],
378 silly audit   'micromark-core-commonmark': [ '2.0.0' ],
378 silly audit   'micromark-extension-frontmatter': [ '2.0.0' ],
378 silly audit   'micromark-extension-gfm': [ '3.0.0' ],
378 silly audit   'micromark-extension-gfm-autolink-literal': [ '2.0.0' ],
378 silly audit   'micromark-extension-gfm-footnote': [ '2.0.0' ],
378 silly audit   'micromark-extension-gfm-strikethrough': [ '2.0.0' ],
378 silly audit   'micromark-extension-gfm-table': [ '2.0.0' ],
378 silly audit   'micromark-extension-gfm-tagfilter': [ '2.0.0' ],
378 silly audit   'micromark-extension-gfm-task-list-item': [ '2.0.1' ],
378 silly audit   'micromark-extension-math': [ '3.0.0' ],
378 silly audit   'micromark-factory-destination': [ '2.0.0' ],
378 silly audit   'micromark-factory-label': [ '2.0.0' ],
378 silly audit   'micromark-factory-space': [ '2.0.0' ],
378 silly audit   'micromark-factory-title': [ '2.0.0' ],
378 silly audit   'micromark-factory-whitespace': [ '2.0.0' ],
378 silly audit   'micromark-util-character': [ '2.0.1' ],
378 silly audit   'micromark-util-chunked': [ '2.0.0' ],
378 silly audit   'micromark-util-classify-character': [ '2.0.0' ],
378 silly audit   'micromark-util-combine-extensions': [ '2.0.0' ],
378 silly audit   'micromark-util-decode-numeric-character-reference': [ '2.0.1' ],
378 silly audit   'micromark-util-decode-string': [ '2.0.0' ],
378 silly audit   'micromark-util-encode': [ '2.0.0' ],
378 silly audit   'micromark-util-html-tag-name': [ '2.0.0' ],
378 silly audit   'micromark-util-normalize-identifier': [ '2.0.0' ],
378 silly audit   'micromark-util-resolve-all': [ '2.0.0' ],
378 silly audit   'micromark-util-sanitize-uri': [ '2.0.0' ],
378 silly audit   'micromark-util-subtokenize': [ '2.0.0' ],
378 silly audit   'micromark-util-symbol': [ '2.0.0' ],
378 silly audit   'micromark-util-types': [ '2.0.0' ],
378 silly audit   micromatch: [ '4.0.8' ],
378 silly audit   micromorph: [ '0.4.5' ],
378 silly audit   'mime-db': [ '1.33.0' ],
378 silly audit   'mime-types': [ '2.1.18' ],
378 silly audit   minimatch: [ '10.1.1', '3.1.2' ],
378 silly audit   'mj-context-menu': [ '0.6.1' ],
378 silly audit   moo: [ '0.5.2' ],
378 silly audit   ms: [ '2.1.3' ],
378 silly audit   'nlcst-to-string': [ '4.0.0' ],
378 silly audit   'node-addon-api': [ '7.1.1' ],
378 silly audit   'oniguruma-to-es': [ '1.0.0' ],
378 silly audit   pako: [ '0.2.9' ],
378 silly audit   'parse-css-color': [ '0.2.1' ],
378 silly audit   'parse-entities': [ '4.0.1' ],
378 silly audit   'parse-latin': [ '7.0.0' ],
378 silly audit   'parse-numeric-range': [ '1.3.0' ],
378 silly audit   'parse-svg-path': [ '0.1.2' ],
378 silly audit   parse5: [ '7.1.2' ],
378 silly audit   'path-is-inside': [ '1.0.2' ],
378 silly audit   'path-parse': [ '1.0.7' ],
378 silly audit   'path-to-regexp': [ '3.3.0' ],
378 silly audit   picocolors: [ '1.1.1' ],
378 silly audit   'pixi.js': [ '8.15.0' ],
378 silly audit   'postcss-value-parser': [ '4.2.0' ],
378 silly audit   preact: [ '10.28.2' ],
378 silly audit   'preact-render-to-string': [ '6.6.5' ],
378 silly audit   prettier: [ '3.8.1' ],
378 silly audit   'pretty-bytes': [ '7.1.0' ],
378 silly audit   'pretty-time': [ '1.1.0' ],
378 silly audit   'queue-microtask': [ '1.2.3' ],
378 silly audit   'range-parser': [ '1.2.0' ],
378 silly audit   readdirp: [ '5.0.0', '4.1.2' ],
378 silly audit   'reading-time': [ '1.5.0' ],
378 silly audit   regex: [ '5.1.1' ],
378 silly audit   'regex-recursion': [ '5.1.1' ],
378 silly audit   'regex-utilities': [ '2.3.0' ],
378 silly audit   'rehype-autolink-headings': [ '7.1.0' ],
378 silly audit   'rehype-citation': [ '2.3.1' ],
378 silly audit   'rehype-katex': [ '7.0.1' ],
378 silly audit   'rehype-mathjax': [ '7.1.0' ],
378 silly audit   'rehype-parse': [ '9.0.0' ],
378 silly audit   'rehype-pretty-code': [ '0.14.1' ],
378 silly audit   'rehype-raw': [ '7.0.0' ],
378 silly audit   'rehype-slug': [ '6.0.0' ],
378 silly audit   remark: [ '15.0.1' ],
378 silly audit   'remark-breaks': [ '4.0.0' ],
378 silly audit   'remark-frontmatter': [ '5.0.0' ],
378 silly audit   'remark-gfm': [ '4.0.1' ],
378 silly audit   'remark-math': [ '6.0.0' ],
378 silly audit   'remark-parse': [ '11.0.0' ],
378 silly audit   'remark-rehype': [ '11.1.2' ],
378 silly audit   'remark-smartypants': [ '3.0.2' ],
378 silly audit   'remark-stringify': [ '11.0.0' ],
378 silly audit   resolve: [ '1.22.11' ],
378 silly audit   'resolve-pkg-maps': [ '1.0.0' ],
378 silly audit   retext: [ '9.0.0' ],
378 silly audit   'retext-latin': [ '4.0.0' ],
378 silly audit   'retext-smartypants': [ '6.1.0' ],
378 silly audit   'retext-stringify': [ '4.0.0' ],
378 silly audit   reusify: [ '1.0.4' ],
378 silly audit   rfdc: [ '1.4.1' ],
378 silly audit   'robust-predicates': [ '3.0.2' ],
378 silly audit   'run-parallel': [ '1.2.0' ],
378 silly audit   rw: [ '1.3.3' ],
378 silly audit   rxjs: [ '7.8.2' ],
378 silly audit   'safer-buffer': [ '2.1.2' ],
378 silly audit   sass: [ '1.97.2' ],
378 silly audit   'sass-embedded': [ '1.97.2' ],
378 silly audit   'sass-embedded-all-unknown': [ '1.97.2' ],
378 silly audit   'sass-embedded-android-arm': [ '1.97.2' ],
378 silly audit   'sass-embedded-android-arm64': [ '1.97.2' ],
378 silly audit   'sass-embedded-android-riscv64': [ '1.97.2' ],
378 silly audit   'sass-embedded-android-x64': [ '1.97.2' ],
378 silly audit   'sass-embedded-darwin-arm64': [ '1.97.2' ],
378 silly audit   'sass-embedded-darwin-x64': [ '1.97.2' ],
378 silly audit   'sass-embedded-linux-arm': [ '1.97.2' ],
378 silly audit   'sass-embedded-linux-arm64': [ '1.97.2' ],
378 silly audit   'sass-embedded-linux-musl-arm': [ '1.97.2' ],
378 silly audit   'sass-embedded-linux-musl-arm64': [ '1.97.2' ],
378 silly audit   'sass-embedded-linux-musl-riscv64': [ '1.97.2' ],
378 silly audit   'sass-embedded-linux-musl-x64': [ '1.97.2' ],
378 silly audit   'sass-embedded-linux-riscv64': [ '1.97.2' ],
378 silly audit   'sass-embedded-linux-x64': [ '1.97.2' ],
378 silly audit   'sass-embedded-unknown-all': [ '1.97.2' ],
378 silly audit   'sass-embedded-win32-arm64': [ '1.97.2' ],
378 silly audit   'sass-embedded-win32-x64': [ '1.97.2' ],
378 silly audit   satori: [ '0.19.1' ],
378 silly audit   'section-matter': [ '1.0.0' ],
378 silly audit   semver: [ '7.7.3' ],
378 silly audit   'serve-handler': [ '6.1.6' ],
378 silly audit   'brace-expansion': [ '1.1.11' ],
378 silly audit   sharp: [ '0.34.5' ],
378 silly audit   shiki: [ '1.26.2' ],
378 silly audit   sisteransi: [ '1.0.5' ],
378 silly audit   slash: [ '5.1.0' ],
378 silly audit   'source-map': [ '0.6.1' ],
378 silly audit   'source-map-js': [ '1.2.1' ],
378 silly audit   'source-map-support': [ '0.5.21' ],
378 silly audit   'space-separated-tokens': [ '2.0.2' ],
378 silly audit   'speech-rule-engine': [ '4.0.7' ],
378 silly audit   'sprintf-js': [ '1.0.3' ],
378 silly audit   'string-width': [ '7.2.0' ],
378 silly audit   'string.prototype.codepointat': [ '0.2.1' ],
378 silly audit   'stringify-entities': [ '4.0.3' ],
378 silly audit   'strip-ansi': [ '7.1.0' ],
378 silly audit   'strip-bom-string': [ '1.0.0' ],
378 silly audit   'style-to-js': [ '1.1.16' ],
378 silly audit   'style-to-object': [ '1.0.8' ],
378 silly audit   'supports-color': [ '8.1.1' ],
378 silly audit   'supports-preserve-symlinks-flag': [ '1.0.0' ],
378 silly audit   'sync-child-process': [ '1.0.2' ],
378 silly audit   'sync-fetch': [ '0.4.5' ],
378 silly audit   'sync-message-port': [ '1.1.3' ],
378 silly audit   'tiny-inflate': [ '1.0.3' ],
378 silly audit   'tiny-lru': [ '11.4.5' ],
378 silly audit   'to-regex-range': [ '5.0.1' ],
378 silly audit   'to-vfile': [ '8.0.0' ],
378 silly audit   toml: [ '3.0.0' ],
378 silly audit   'trim-lines': [ '3.0.1' ],
378 silly audit   trough: [ '2.1.0' ],
378 silly audit   tslib: [ '2.6.2' ],
378 silly audit   tsx: [ '4.21.0' ],
378 silly audit   typescript: [ '5.9.3' ],
378 silly audit   'undici-types': [ '7.16.0' ],
378 silly audit   'unicode-trie': [ '2.0.0' ],
378 silly audit   'unicorn-magic': [ '0.4.0' ],
378 silly audit   unified: [ '11.0.5' ],
378 silly audit   'unist-util-find-after': [ '5.0.0' ],
378 silly audit   'unist-util-is': [ '6.0.0' ],
378 silly audit   'unist-util-modify-children': [ '4.0.0' ],
378 silly audit   'unist-util-position': [ '5.0.0' ],
378 silly audit   'unist-util-remove-position': [ '5.0.0' ],
378 silly audit   'unist-util-visit': [ '5.1.0' ],
378 silly audit   'unist-util-visit-children': [ '3.0.0' ],
378 silly audit   'unist-util-visit-parents': [ '6.0.1' ],
378 silly audit   varint: [ '6.0.0' ],
378 silly audit   vfile: [ '6.0.3' ],
378 silly audit   'vfile-location': [ '5.0.2' ],
378 silly audit   'web-namespaces': [ '2.0.1' ],
378 silly audit   'wicked-good-xpath': [ '1.3.0' ],
378 silly audit   workerpool: [ '10.0.1' ],
378 silly audit   'wrap-ansi': [ '9.0.0' ],
378 silly audit   ws: [ '8.19.0' ],
378 silly audit   'xmldom-sre': [ '0.1.31' ],
378 silly audit   y18n: [ '5.0.8' ],
378 silly audit   yargs: [ '18.0.0' ],
378 silly audit   'yargs-parser': [ '22.0.0' ],
378 silly audit   'yoga-layout': [ '3.2.1' ],
378 silly audit   zwitch: [ '2.0.4' ]
378 silly audit }
379 verbose audit error FetchError: request to https://registry.npmjs.org/-/npm/v1/security/advisories/bulk failed, reason: getaddrinfo ENOTFOUND registry.npmjs.org
379 verbose audit error     at ClientRequest.<anonymous> (/opt/homebrew/lib/node_modules/npm/node_modules/minipass-fetch/lib/index.js:130:14)
379 verbose audit error     at ClientRequest.emit (node:events:507:28)
379 verbose audit error     at emitErrorEvent (node:_http_client:104:11)
379 verbose audit error     at _destroy (node:_http_client:898:9)
379 verbose audit error     at onSocketNT (node:_http_client:918:5)
379 verbose audit error     at process.processTicksAndRejections (node:internal/process/task_queues:91:21) {
379 verbose audit error   code: 'ENOTFOUND',
379 verbose audit error   errno: 'ENOTFOUND',
379 verbose audit error   syscall: 'getaddrinfo',
379 verbose audit error   hostname: 'registry.npmjs.org',
379 verbose audit error   type: 'system'
379 verbose audit error }
380 silly audit error undefined
381 silly audit report null
382 http cache yargs@https://registry.npmjs.org/yargs/-/yargs-18.0.0.tgz 0ms (cache hit)
383 http cache ws@https://registry.npmjs.org/ws/-/ws-8.19.0.tgz 0ms (cache hit)
384 http cache unist-util-visit@https://registry.npmjs.org/unist-util-visit/-/unist-util-visit-5.1.0.tgz 0ms (cache hit)
385 http cache workerpool@https://registry.npmjs.org/workerpool/-/workerpool-10.0.1.tgz 0ms (cache hit)
386 http cache unified@https://registry.npmjs.org/unified/-/unified-11.0.5.tgz 0ms (cache hit)
387 http cache vfile@https://registry.npmjs.org/vfile/-/vfile-6.0.3.tgz 0ms (cache hit)
388 http cache typescript@https://registry.npmjs.org/typescript/-/typescript-5.9.3.tgz 0ms (cache hit)
389 http cache tsx@https://registry.npmjs.org/tsx/-/tsx-4.21.0.tgz 0ms (cache hit)
390 http cache to-vfile@https://registry.npmjs.org/to-vfile/-/to-vfile-8.0.0.tgz 0ms (cache hit)
391 http cache shiki@https://registry.npmjs.org/shiki/-/shiki-1.26.2.tgz 0ms (cache hit)
392 http cache source-map-support@https://registry.npmjs.org/source-map-support/-/source-map-support-0.5.21.tgz 0ms (cache hit)
393 http cache sharp@https://registry.npmjs.org/sharp/-/sharp-0.34.5.tgz 0ms (cache hit)
394 http cache toml@https://registry.npmjs.org/toml/-/toml-3.0.0.tgz 0ms (cache hit)
395 http cache satori@https://registry.npmjs.org/satori/-/satori-0.19.1.tgz 0ms (cache hit)
396 http cache remark-smartypants@https://registry.npmjs.org/remark-smartypants/-/remark-smartypants-3.0.2.tgz 0ms (cache hit)
397 http cache rfdc@https://registry.npmjs.org/rfdc/-/rfdc-1.4.1.tgz 0ms (cache hit)
398 http cache remark-parse@https://registry.npmjs.org/remark-parse/-/remark-parse-11.0.0.tgz 0ms (cache hit)
399 http cache serve-handler@https://registry.npmjs.org/serve-handler/-/serve-handler-6.1.6.tgz 0ms (cache hit)
400 http cache remark-math@https://registry.npmjs.org/remark-math/-/remark-math-6.0.0.tgz 0ms (cache hit)
401 http cache remark-rehype@https://registry.npmjs.org/remark-rehype/-/remark-rehype-11.1.2.tgz 0ms (cache hit)
402 http cache remark-frontmatter@https://registry.npmjs.org/remark-frontmatter/-/remark-frontmatter-5.0.0.tgz 0ms (cache hit)
403 http cache remark-breaks@https://registry.npmjs.org/remark-breaks/-/remark-breaks-4.0.0.tgz 0ms (cache hit)
404 http cache remark-gfm@https://registry.npmjs.org/remark-gfm/-/remark-gfm-4.0.1.tgz 0ms (cache hit)
405 http cache rehype-slug@https://registry.npmjs.org/rehype-slug/-/rehype-slug-6.0.0.tgz 0ms (cache hit)
406 http cache rehype-raw@https://registry.npmjs.org/rehype-raw/-/rehype-raw-7.0.0.tgz 0ms (cache hit)
407 http cache rehype-mathjax@https://registry.npmjs.org/rehype-mathjax/-/rehype-mathjax-7.1.0.tgz 0ms (cache hit)
408 http cache rehype-pretty-code@https://registry.npmjs.org/rehype-pretty-code/-/rehype-pretty-code-0.14.1.tgz 0ms (cache hit)
409 http cache rehype-citation@https://registry.npmjs.org/rehype-citation/-/rehype-citation-2.3.1.tgz 0ms (cache hit)
410 http cache remark@https://registry.npmjs.org/remark/-/remark-15.0.1.tgz 0ms (cache hit)
411 http cache rehype-katex@https://registry.npmjs.org/rehype-katex/-/rehype-katex-7.0.1.tgz 0ms (cache hit)
412 http cache reading-time@https://registry.npmjs.org/reading-time/-/reading-time-1.5.0.tgz 0ms (cache hit)
413 http cache pretty-time@https://registry.npmjs.org/pretty-time/-/pretty-time-1.1.0.tgz 0ms (cache hit)
414 http cache pretty-bytes@https://registry.npmjs.org/pretty-bytes/-/pretty-bytes-7.1.0.tgz 0ms (cache hit)
415 http cache rehype-autolink-headings@https://registry.npmjs.org/rehype-autolink-headings/-/rehype-autolink-headings-7.1.0.tgz 0ms (cache hit)
416 http cache prettier@https://registry.npmjs.org/prettier/-/prettier-3.8.1.tgz 0ms (cache hit)
417 http cache pixi.js@https://registry.npmjs.org/pixi.js/-/pixi.js-8.15.0.tgz 0ms (cache hit)
418 http cache preact@https://registry.npmjs.org/preact/-/preact-10.28.2.tgz 0ms (cache hit)
419 http cache preact-render-to-string@https://registry.npmjs.org/preact-render-to-string/-/preact-render-to-string-6.6.5.tgz 0ms (cache hit)
420 http cache micromorph@https://registry.npmjs.org/micromorph/-/micromorph-0.4.5.tgz 0ms (cache hit)
421 http cache mdast-util-to-string@https://registry.npmjs.org/mdast-util-to-string/-/mdast-util-to-string-4.0.0.tgz 0ms (cache hit)
422 http cache minimatch@https://registry.npmjs.org/minimatch/-/minimatch-10.1.1.tgz 0ms (cache hit)
423 http cache mdast-util-find-and-replace@https://registry.npmjs.org/mdast-util-find-and-replace/-/mdast-util-find-and-replace-3.0.2.tgz 0ms (cache hit)
424 http cache mdast-util-to-hast@https://registry.npmjs.org/mdast-util-to-hast/-/mdast-util-to-hast-13.2.1.tgz 0ms (cache hit)
425 http cache is-absolute-url@https://registry.npmjs.org/is-absolute-url/-/is-absolute-url-5.0.0.tgz 0ms (cache hit)
426 http cache js-yaml@https://registry.npmjs.org/js-yaml/-/js-yaml-4.1.1.tgz 0ms (cache hit)
427 http cache lightningcss@https://registry.npmjs.org/lightningcss/-/lightningcss-1.31.1.tgz 0ms (cache hit)
428 http cache hast-util-to-string@https://registry.npmjs.org/hast-util-to-string/-/hast-util-to-string-3.0.1.tgz 0ms (cache hit)
429 http cache gray-matter@https://registry.npmjs.org/gray-matter/-/gray-matter-4.0.3.tgz 0ms (cache hit)
430 http cache globby@https://registry.npmjs.org/globby/-/globby-16.1.0.tgz 0ms (cache hit)
431 http cache hast-util-to-html@https://registry.npmjs.org/hast-util-to-html/-/hast-util-to-html-9.0.5.tgz 0ms (cache hit)
432 http cache flexsearch@https://registry.npmjs.org/flexsearch/-/flexsearch-0.8.205.tgz 0ms (cache hit)
433 http cache esbuild-sass-plugin@https://registry.npmjs.org/esbuild-sass-plugin/-/esbuild-sass-plugin-3.6.0.tgz 0ms (cache hit)
434 http cache github-slugger@https://registry.npmjs.org/github-slugger/-/github-slugger-2.0.0.tgz 0ms (cache hit)
435 http cache d3@https://registry.npmjs.org/d3/-/d3-7.9.0.tgz 0ms (cache hit)
436 http cache cli-spinner@https://registry.npmjs.org/cli-spinner/-/cli-spinner-0.2.10.tgz 0ms (cache hit)
437 http cache async-mutex@https://registry.npmjs.org/async-mutex/-/async-mutex-0.5.0.tgz 0ms (cache hit)
438 http cache esbuild@https://registry.npmjs.org/esbuild/-/esbuild-0.27.2.tgz 0ms (cache hit)
439 http cache chokidar@https://registry.npmjs.org/chokidar/-/chokidar-5.0.0.tgz 0ms (cache hit)
440 http cache hast-util-to-jsx-runtime@https://registry.npmjs.org/hast-util-to-jsx-runtime/-/hast-util-to-jsx-runtime-2.3.6.tgz 0ms (cache hit)
441 http cache @types/yargs@https://registry.npmjs.org/@types/yargs/-/yargs-17.0.35.tgz 0ms (cache hit)
442 http cache @types/ws@https://registry.npmjs.org/@types/ws/-/ws-8.18.1.tgz 0ms (cache hit)
443 http cache @types/pretty-time@https://registry.npmjs.org/@types/pretty-time/-/pretty-time-1.1.5.tgz 0ms (cache hit)
444 http cache @types/js-yaml@https://registry.npmjs.org/@types/js-yaml/-/js-yaml-4.0.9.tgz 0ms (cache hit)
445 http cache @types/node@https://registry.npmjs.org/@types/node/-/node-25.0.10.tgz 0ms (cache hit)
446 http cache @tweenjs/tween.js@https://registry.npmjs.org/@tweenjs/tween.js/-/tween.js-25.0.0.tgz 0ms (cache hit)
447 http cache @types/hast@https://registry.npmjs.org/@types/hast/-/hast-3.0.4.tgz 0ms (cache hit)
448 http cache ansi-truncate@https://registry.npmjs.org/ansi-truncate/-/ansi-truncate-1.4.0.tgz 0ms (cache hit)
449 http cache @myriaddreamin/rehype-typst@https://registry.npmjs.org/@myriaddreamin/rehype-typst/-/rehype-typst-0.6.0.tgz 0ms (cache hit)
450 http cache @napi-rs/simple-git@https://registry.npmjs.org/@napi-rs/simple-git/-/simple-git-0.1.22.tgz 1ms (cache hit)
451 http cache @webgpu/types@https://registry.npmjs.org/@webgpu/types/-/types-0.1.64.tgz 0ms (cache hit)
452 http cache @clack/prompts@https://registry.npmjs.org/@clack/prompts/-/prompts-0.11.0.tgz 0ms (cache hit)
453 http cache @types/d3@https://registry.npmjs.org/@types/d3/-/d3-7.4.3.tgz 0ms (cache hit)
454 http cache @ungap/structured-clone@https://registry.npmjs.org/@ungap/structured-clone/-/structured-clone-1.2.0.tgz 0ms (cache hit)
455 http cache @floating-ui/dom@https://registry.npmjs.org/@floating-ui/dom/-/dom-1.7.4.tgz 0ms (cache hit)
456 http cache @xmldom/xmldom@https://registry.npmjs.org/@xmldom/xmldom/-/xmldom-0.8.10.tgz 0ms (cache hit)
457 http cache @shikijs/types@https://registry.npmjs.org/@shikijs/types/-/types-1.26.2.tgz 0ms (cache hit)
458 http cache @shikijs/vscode-textmate@https://registry.npmjs.org/@shikijs/vscode-textmate/-/vscode-textmate-10.0.1.tgz 0ms (cache hit)
459 http cache @types/source-map-support@https://registry.npmjs.org/@types/source-map-support/-/source-map-support-0.5.10.tgz 0ms (cache hit)
460 http cache @shikijs/engine-oniguruma@https://registry.npmjs.org/@shikijs/engine-oniguruma/-/engine-oniguruma-1.26.2.tgz 0ms (cache hit)
461 http cache @shikijs/engine-javascript@https://registry.npmjs.org/@shikijs/engine-javascript/-/engine-javascript-1.26.2.tgz 0ms (cache hit)
462 http cache @shikijs/langs@https://registry.npmjs.org/@shikijs/langs/-/langs-1.26.2.tgz 0ms (cache hit)
463 http cache @shikijs/core@https://registry.npmjs.org/@shikijs/core/-/core-1.26.2.tgz 0ms (cache hit)
464 http cache @shikijs/themes@https://registry.npmjs.org/@shikijs/themes/-/themes-1.26.2.tgz 0ms (cache hit)
465 http cache @types/unist@https://registry.npmjs.org/@types/unist/-/unist-2.0.6.tgz 0ms (cache hit)
466 http cache @types/yargs-parser@https://registry.npmjs.org/@types/yargs-parser/-/yargs-parser-21.0.0.tgz 0ms (cache hit)
467 http cache @types/ms@https://registry.npmjs.org/@types/ms/-/ms-0.7.34.tgz 0ms (cache hit)
468 http cache @types/mathjax@https://registry.npmjs.org/@types/mathjax/-/mathjax-0.0.40.tgz 0ms (cache hit)
469 http cache @types/mdast@https://registry.npmjs.org/@types/mdast/-/mdast-4.0.3.tgz 0ms (cache hit)
470 http cache @types/nlcst@https://registry.npmjs.org/@types/nlcst/-/nlcst-2.0.3.tgz 0ms (cache hit)
471 http cache @types/katex@https://registry.npmjs.org/@types/katex/-/katex-0.16.7.tgz 0ms (cache hit)
472 http cache @shuding/opentype.js@https://registry.npmjs.org/@shuding/opentype.js/-/opentype.js-1.4.0-beta.0.tgz 0ms (cache hit)
473 http cache @types/geojson@https://registry.npmjs.org/@types/geojson/-/geojson-7946.0.10.tgz 0ms (cache hit)
474 http cache @types/estree-jsx@https://registry.npmjs.org/@types/estree-jsx/-/estree-jsx-1.0.3.tgz 0ms (cache hit)
475 http cache @types/earcut@https://registry.npmjs.org/@types/earcut/-/earcut-3.0.0.tgz 0ms (cache hit)
476 http cache @types/estree@https://registry.npmjs.org/@types/estree/-/estree-1.0.5.tgz 0ms (cache hit)
477 http cache @types/d3-zoom@https://registry.npmjs.org/@types/d3-zoom/-/d3-zoom-3.0.3.tgz 0ms (cache hit)
478 http cache @types/d3-transition@https://registry.npmjs.org/@types/d3-transition/-/d3-transition-3.0.3.tgz 0ms (cache hit)
479 http cache @types/d3-timer@https://registry.npmjs.org/@types/d3-timer/-/d3-timer-3.0.0.tgz 0ms (cache hit)
480 http cache @types/d3-time-format@https://registry.npmjs.org/@types/d3-time-format/-/d3-time-format-4.0.0.tgz 0ms (cache hit)
481 http cache @types/d3-selection@https://registry.npmjs.org/@types/d3-selection/-/d3-selection-3.0.5.tgz 0ms (cache hit)
482 http cache @types/debug@https://registry.npmjs.org/@types/debug/-/debug-4.1.12.tgz 0ms (cache hit)
483 http cache @types/d3-time@https://registry.npmjs.org/@types/d3-time/-/d3-time-3.0.0.tgz 0ms (cache hit)
484 http cache @types/d3-shape@https://registry.npmjs.org/@types/d3-shape/-/d3-shape-3.1.1.tgz 0ms (cache hit)
485 http cache @types/d3-random@https://registry.npmjs.org/@types/d3-random/-/d3-random-3.0.1.tgz 0ms (cache hit)
486 http cache @types/d3-scale-chromatic@https://registry.npmjs.org/@types/d3-scale-chromatic/-/d3-scale-chromatic-3.0.0.tgz 0ms (cache hit)
487 http cache @types/d3-quadtree@https://registry.npmjs.org/@types/d3-quadtree/-/d3-quadtree-3.0.2.tgz 0ms (cache hit)
488 http cache @types/d3-scale@https://registry.npmjs.org/@types/d3-scale/-/d3-scale-4.0.3.tgz 0ms (cache hit)
489 http cache @types/d3-interpolate@https://registry.npmjs.org/@types/d3-interpolate/-/d3-interpolate-3.0.1.tgz 0ms (cache hit)
490 http cache @types/d3-polygon@https://registry.npmjs.org/@types/d3-polygon/-/d3-polygon-3.0.0.tgz 0ms (cache hit)
491 http cache @types/d3-hierarchy@https://registry.npmjs.org/@types/d3-hierarchy/-/d3-hierarchy-3.1.2.tgz 0ms (cache hit)
492 http cache @types/d3-geo@https://registry.npmjs.org/@types/d3-geo/-/d3-geo-3.0.3.tgz 0ms (cache hit)
493 http cache @types/d3-force@https://registry.npmjs.org/@types/d3-force/-/d3-force-3.0.4.tgz 0ms (cache hit)
494 http cache @types/d3-fetch@https://registry.npmjs.org/@types/d3-fetch/-/d3-fetch-3.0.2.tgz 0ms (cache hit)
495 http cache @types/d3-path@https://registry.npmjs.org/@types/d3-path/-/d3-path-3.0.0.tgz 0ms (cache hit)
496 http cache @types/d3-format@https://registry.npmjs.org/@types/d3-format/-/d3-format-3.0.1.tgz 0ms (cache hit)
497 http cache @types/d3-drag@https://registry.npmjs.org/@types/d3-drag/-/d3-drag-3.0.2.tgz 0ms (cache hit)
498 http cache @types/d3-delaunay@https://registry.npmjs.org/@types/d3-delaunay/-/d3-delaunay-6.0.1.tgz 0ms (cache hit)
499 http cache @types/d3-ease@https://registry.npmjs.org/@types/d3-ease/-/d3-ease-3.0.0.tgz 0ms (cache hit)
500 http cache @types/d3-dispatch@https://registry.npmjs.org/@types/d3-dispatch/-/d3-dispatch-3.0.2.tgz 0ms (cache hit)
501 http cache @types/d3-color@https://registry.npmjs.org/@types/d3-color/-/d3-color-3.1.0.tgz 0ms (cache hit)
502 http cache @types/d3-chord@https://registry.npmjs.org/@types/d3-chord/-/d3-chord-3.0.2.tgz 0ms (cache hit)
503 http cache @types/d3-contour@https://registry.npmjs.org/@types/d3-contour/-/d3-contour-3.0.2.tgz 0ms (cache hit)
504 http cache @types/d3-brush@https://registry.npmjs.org/@types/d3-brush/-/d3-brush-3.0.2.tgz 0ms (cache hit)
505 http cache @types/d3-axis@https://registry.npmjs.org/@types/d3-axis/-/d3-axis-3.0.2.tgz 0ms (cache hit)
506 http cache @types/d3-dsv@https://registry.npmjs.org/@types/d3-dsv/-/d3-dsv-3.0.1.tgz 0ms (cache hit)
507 http cache @types/css-font-loading-module@https://registry.npmjs.org/@types/css-font-loading-module/-/css-font-loading-module-0.0.12.tgz 0ms (cache hit)
508 http cache @types/d3-array@https://registry.npmjs.org/@types/d3-array/-/d3-array-3.0.5.tgz 0ms (cache hit)
509 http cache @sindresorhus/merge-streams@https://registry.npmjs.org/@sindresorhus/merge-streams/-/merge-streams-4.0.0.tgz 0ms (cache hit)
510 http cache @parcel/watcher@https://registry.npmjs.org/@parcel/watcher/-/watcher-2.5.4.tgz 0ms (cache hit)
511 http cache @pixi/colord@https://registry.npmjs.org/@pixi/colord/-/colord-2.9.6.tgz 0ms (cache hit)
512 http cache @nodelib/fs.walk@https://registry.npmjs.org/@nodelib/fs.walk/-/fs.walk-1.2.8.tgz 0ms (cache hit)
513 http cache @nodelib/fs.scandir@https://registry.npmjs.org/@nodelib/fs.scandir/-/fs.scandir-2.1.5.tgz 0ms (cache hit)
514 http cache @nodelib/fs.stat@https://registry.npmjs.org/@nodelib/fs.stat/-/fs.stat-2.0.5.tgz 0ms (cache hit)
515 http cache @napi-rs/simple-git-darwin-arm64@https://registry.npmjs.org/@napi-rs/simple-git-darwin-arm64/-/simple-git-darwin-arm64-0.1.22.tgz 0ms (cache hit)
516 http cache @myriaddreamin/typst-ts-node-compiler-darwin-arm64@https://registry.npmjs.org/@myriaddreamin/typst-ts-node-compiler-darwin-arm64/-/typst-ts-node-compiler-darwin-arm64-0.6.0.tgz 0ms (cache hit)
517 http cache @img/sharp-darwin-arm64@https://registry.npmjs.org/@img/sharp-darwin-arm64/-/sharp-darwin-arm64-0.34.5.tgz 0ms (cache hit)
518 http cache @parcel/watcher-darwin-arm64@https://registry.npmjs.org/@parcel/watcher-darwin-arm64/-/watcher-darwin-arm64-2.5.4.tgz 0ms (cache hit)
519 http cache @myriaddreamin/typst-ts-node-compiler@https://registry.npmjs.org/@myriaddreamin/typst-ts-node-compiler/-/typst-ts-node-compiler-0.6.0.tgz 0ms (cache hit)
520 http cache @isaacs/brace-expansion@https://registry.npmjs.org/@isaacs/brace-expansion/-/brace-expansion-5.0.0.tgz 0ms (cache hit)
521 http cache @isaacs/balanced-match@https://registry.npmjs.org/@isaacs/balanced-match/-/balanced-match-4.0.1.tgz 0ms (cache hit)
522 http cache @img/colour@https://registry.npmjs.org/@img/colour/-/colour-1.0.0.tgz 0ms (cache hit)
523 http cache @floating-ui/utils@https://registry.npmjs.org/@floating-ui/utils/-/utils-0.2.10.tgz 0ms (cache hit)
524 http cache @floating-ui/core@https://registry.npmjs.org/@floating-ui/core/-/core-1.7.3.tgz 0ms (cache hit)
525 http cache @img/sharp-libvips-darwin-arm64@https://registry.npmjs.org/@img/sharp-libvips-darwin-arm64/-/sharp-libvips-darwin-arm64-1.2.4.tgz 0ms (cache hit)
526 http cache @esbuild/darwin-arm64@https://registry.npmjs.org/@esbuild/darwin-arm64/-/darwin-arm64-0.27.2.tgz 0ms (cache hit)
527 http cache @clack/core@https://registry.npmjs.org/@clack/core/-/core-0.5.0.tgz 0ms (cache hit)
528 http cache @citation-js/name@https://registry.npmjs.org/@citation-js/name/-/name-0.4.2.tgz 0ms (cache hit)
529 http cache @citation-js/plugin-bibtex@https://registry.npmjs.org/@citation-js/plugin-bibtex/-/plugin-bibtex-0.7.14.tgz 0ms (cache hit)
530 http cache @citation-js/plugin-bibjson@https://registry.npmjs.org/@citation-js/plugin-bibjson/-/plugin-bibjson-0.7.14.tgz 0ms (cache hit)
531 http cache @citation-js/date@https://registry.npmjs.org/@citation-js/date/-/date-0.5.1.tgz 0ms (cache hit)
532 http cache @citation-js/core@https://registry.npmjs.org/@citation-js/core/-/core-0.7.14.tgz 0ms (cache hit)
533 http cache zwitch@https://registry.npmjs.org/zwitch/-/zwitch-2.0.4.tgz 0ms (cache hit)
534 http cache yoga-layout@https://registry.npmjs.org/yoga-layout/-/yoga-layout-3.2.1.tgz 0ms (cache hit)
535 http cache @citation-js/plugin-csl@https://registry.npmjs.org/@citation-js/plugin-csl/-/plugin-csl-0.7.14.tgz 0ms (cache hit)
536 http cache @bufbuild/protobuf@https://registry.npmjs.org/@bufbuild/protobuf/-/protobuf-2.10.2.tgz 0ms (cache hit)
537 http cache xmldom-sre@https://registry.npmjs.org/xmldom-sre/-/xmldom-sre-0.1.31.tgz 0ms (cache hit)
538 http cache yargs-parser@https://registry.npmjs.org/yargs-parser/-/yargs-parser-22.0.0.tgz 0ms (cache hit)
539 http cache wicked-good-xpath@https://registry.npmjs.org/wicked-good-xpath/-/wicked-good-xpath-1.3.0.tgz 0ms (cache hit)
540 http cache vfile-location@https://registry.npmjs.org/vfile-location/-/vfile-location-5.0.2.tgz 0ms (cache hit)
541 http cache y18n@https://registry.npmjs.org/y18n/-/y18n-5.0.8.tgz 0ms (cache hit)
542 http cache varint@https://registry.npmjs.org/varint/-/varint-6.0.0.tgz 0ms (cache hit)
543 http cache unist-util-visit-children@https://registry.npmjs.org/unist-util-visit-children/-/unist-util-visit-children-3.0.0.tgz 0ms (cache hit)
544 http cache unist-util-remove-position@https://registry.npmjs.org/unist-util-remove-position/-/unist-util-remove-position-5.0.0.tgz 0ms (cache hit)
545 http cache wrap-ansi@https://registry.npmjs.org/wrap-ansi/-/wrap-ansi-9.0.0.tgz 0ms (cache hit)
546 http cache unist-util-position@https://registry.npmjs.org/unist-util-position/-/unist-util-position-5.0.0.tgz 0ms (cache hit)
547 http cache unist-util-modify-children@https://registry.npmjs.org/unist-util-modify-children/-/unist-util-modify-children-4.0.0.tgz 0ms (cache hit)
548 http cache unicode-trie@https://registry.npmjs.org/unicode-trie/-/unicode-trie-2.0.0.tgz 0ms (cache hit)
549 http cache web-namespaces@https://registry.npmjs.org/web-namespaces/-/web-namespaces-2.0.1.tgz 0ms (cache hit)
550 http cache unist-util-is@https://registry.npmjs.org/unist-util-is/-/unist-util-is-6.0.0.tgz 0ms (cache hit)
551 http cache unicorn-magic@https://registry.npmjs.org/unicorn-magic/-/unicorn-magic-0.4.0.tgz 0ms (cache hit)
552 http cache tslib@https://registry.npmjs.org/tslib/-/tslib-2.6.2.tgz 0ms (cache hit)
553 http cache undici-types@https://registry.npmjs.org/undici-types/-/undici-types-7.16.0.tgz 0ms (cache hit)
554 http cache unist-util-find-after@https://registry.npmjs.org/unist-util-find-after/-/unist-util-find-after-5.0.0.tgz 0ms (cache hit)
555 http cache trim-lines@https://registry.npmjs.org/trim-lines/-/trim-lines-3.0.1.tgz 0ms (cache hit)
556 http cache to-regex-range@https://registry.npmjs.org/to-regex-range/-/to-regex-range-5.0.1.tgz 0ms (cache hit)
557 http cache unist-util-visit-parents@https://registry.npmjs.org/unist-util-visit-parents/-/unist-util-visit-parents-6.0.1.tgz 0ms (cache hit)
558 http cache trough@https://registry.npmjs.org/trough/-/trough-2.1.0.tgz 0ms (cache hit)
559 http cache sync-message-port@https://registry.npmjs.org/sync-message-port/-/sync-message-port-1.1.3.tgz 0ms (cache hit)
560 http cache tiny-lru@https://registry.npmjs.org/tiny-lru/-/tiny-lru-11.4.5.tgz 0ms (cache hit)
561 http cache sync-fetch@https://registry.npmjs.org/sync-fetch/-/sync-fetch-0.4.5.tgz 0ms (cache hit)
562 http cache tiny-inflate@https://registry.npmjs.org/tiny-inflate/-/tiny-inflate-1.0.3.tgz 0ms (cache hit)
563 http cache style-to-object@https://registry.npmjs.org/style-to-object/-/style-to-object-1.0.8.tgz 0ms (cache hit)
564 http cache supports-color@https://registry.npmjs.org/supports-color/-/supports-color-8.1.1.tgz 0ms (cache hit)
565 http cache style-to-js@https://registry.npmjs.org/style-to-js/-/style-to-js-1.1.16.tgz 0ms (cache hit)
566 http cache stringify-entities@https://registry.npmjs.org/stringify-entities/-/stringify-entities-4.0.3.tgz 0ms (cache hit)
567 http cache supports-preserve-symlinks-flag@https://registry.npmjs.org/supports-preserve-symlinks-flag/-/supports-preserve-symlinks-flag-1.0.0.tgz 0ms (cache hit)
568 http cache strip-ansi@https://registry.npmjs.org/strip-ansi/-/strip-ansi-7.1.0.tgz 0ms (cache hit)
569 http cache sync-child-process@https://registry.npmjs.org/sync-child-process/-/sync-child-process-1.0.2.tgz 0ms (cache hit)
570 http cache string.prototype.codepointat@https://registry.npmjs.org/string.prototype.codepointat/-/string.prototype.codepointat-0.2.1.tgz 0ms (cache hit)
571 http cache strip-bom-string@https://registry.npmjs.org/strip-bom-string/-/strip-bom-string-1.0.0.tgz 0ms (cache hit)
572 http cache sprintf-js@https://registry.npmjs.org/sprintf-js/-/sprintf-js-1.0.3.tgz 0ms (cache hit)
573 http cache source-map-js@https://registry.npmjs.org/source-map-js/-/source-map-js-1.2.1.tgz 0ms (cache hit)
574 http cache space-separated-tokens@https://registry.npmjs.org/space-separated-tokens/-/space-separated-tokens-2.0.2.tgz 0ms (cache hit)
575 http cache slash@https://registry.npmjs.org/slash/-/slash-5.1.0.tgz 0ms (cache hit)
576 http cache speech-rule-engine@https://registry.npmjs.org/speech-rule-engine/-/speech-rule-engine-4.0.7.tgz 0ms (cache hit)
577 http cache source-map@https://registry.npmjs.org/source-map/-/source-map-0.6.1.tgz 0ms (cache hit)
578 http cache semver@https://registry.npmjs.org/semver/-/semver-7.7.3.tgz 0ms (cache hit)
579 http cache section-matter@https://registry.npmjs.org/section-matter/-/section-matter-1.0.0.tgz 0ms (cache hit)
580 http cache string-width@https://registry.npmjs.org/string-width/-/string-width-7.2.0.tgz 0ms (cache hit)
581 http cache sass-embedded@https://registry.npmjs.org/sass-embedded/-/sass-embedded-1.97.2.tgz 0ms (cache hit)
582 http cache safer-buffer@https://registry.npmjs.org/safer-buffer/-/safer-buffer-2.1.2.tgz 0ms (cache hit)
583 http cache run-parallel@https://registry.npmjs.org/run-parallel/-/run-parallel-1.2.0.tgz 0ms (cache hit)
584 http cache sisteransi@https://registry.npmjs.org/sisteransi/-/sisteransi-1.0.5.tgz 0ms (cache hit)
585 http cache sass@https://registry.npmjs.org/sass/-/sass-1.97.2.tgz 0ms (cache hit)
586 http cache rw@https://registry.npmjs.org/rw/-/rw-1.3.3.tgz 0ms (cache hit)
587 http cache rxjs@https://registry.npmjs.org/rxjs/-/rxjs-7.8.2.tgz 0ms (cache hit)
588 http cache sass-embedded-darwin-arm64@https://registry.npmjs.org/sass-embedded-darwin-arm64/-/sass-embedded-darwin-arm64-1.97.2.tgz 0ms (cache hit)
589 http cache reusify@https://registry.npmjs.org/reusify/-/reusify-1.0.4.tgz 0ms (cache hit)
590 http cache robust-predicates@https://registry.npmjs.org/robust-predicates/-/robust-predicates-3.0.2.tgz 0ms (cache hit)
591 http cache retext@https://registry.npmjs.org/retext/-/retext-9.0.0.tgz 0ms (cache hit)
592 http cache retext-stringify@https://registry.npmjs.org/retext-stringify/-/retext-stringify-4.0.0.tgz 0ms (cache hit)
593 http cache retext-smartypants@https://registry.npmjs.org/retext-smartypants/-/retext-smartypants-6.1.0.tgz 0ms (cache hit)
594 http cache resolve@https://registry.npmjs.org/resolve/-/resolve-1.22.11.tgz 0ms (cache hit)
595 http cache resolve-pkg-maps@https://registry.npmjs.org/resolve-pkg-maps/-/resolve-pkg-maps-1.0.0.tgz 0ms (cache hit)
596 http cache retext-latin@https://registry.npmjs.org/retext-latin/-/retext-latin-4.0.0.tgz 0ms (cache hit)
597 http cache remark-stringify@https://registry.npmjs.org/remark-stringify/-/remark-stringify-11.0.0.tgz 0ms (cache hit)
598 http cache regex-utilities@https://registry.npmjs.org/regex-utilities/-/regex-utilities-2.3.0.tgz 0ms (cache hit)
599 http cache rehype-parse@https://registry.npmjs.org/rehype-parse/-/rehype-parse-9.0.0.tgz 0ms (cache hit)
600 http cache regex-recursion@https://registry.npmjs.org/regex-recursion/-/regex-recursion-5.1.1.tgz 0ms (cache hit)
601 http cache regex@https://registry.npmjs.org/regex/-/regex-5.1.1.tgz 0ms (cache hit)
602 http cache range-parser@https://registry.npmjs.org/range-parser/-/range-parser-1.2.0.tgz 0ms (cache hit)
603 http cache queue-microtask@https://registry.npmjs.org/queue-microtask/-/queue-microtask-1.2.3.tgz 0ms (cache hit)
604 http cache property-information@https://registry.npmjs.org/property-information/-/property-information-6.2.0.tgz 0ms (cache hit)
605 http cache readdirp@https://registry.npmjs.org/readdirp/-/readdirp-5.0.0.tgz 0ms (cache hit)
606 http cache picomatch@https://registry.npmjs.org/picomatch/-/picomatch-2.3.1.tgz 0ms (cache hit)
607 http cache postcss-value-parser@https://registry.npmjs.org/postcss-value-parser/-/postcss-value-parser-4.2.0.tgz 0ms (cache hit)
608 http cache picocolors@https://registry.npmjs.org/picocolors/-/picocolors-1.1.1.tgz 0ms (cache hit)
609 http cache path-is-inside@https://registry.npmjs.org/path-is-inside/-/path-is-inside-1.0.2.tgz 0ms (cache hit)
610 http cache path-to-regexp@https://registry.npmjs.org/path-to-regexp/-/path-to-regexp-3.3.0.tgz 0ms (cache hit)
611 http cache parse5@https://registry.npmjs.org/parse5/-/parse5-7.1.2.tgz 0ms (cache hit)
612 http cache parse-svg-path@https://registry.npmjs.org/parse-svg-path/-/parse-svg-path-0.1.2.tgz 0ms (cache hit)
613 http cache parse-numeric-range@https://registry.npmjs.org/parse-numeric-range/-/parse-numeric-range-1.3.0.tgz 0ms (cache hit)
614 http cache path-parse@https://registry.npmjs.org/path-parse/-/path-parse-1.0.7.tgz 0ms (cache hit)
615 http cache parse-latin@https://registry.npmjs.org/parse-latin/-/parse-latin-7.0.0.tgz 0ms (cache hit)
616 http cache parse-entities@https://registry.npmjs.org/parse-entities/-/parse-entities-4.0.1.tgz 0ms (cache hit)
617 http cache parse-css-color@https://registry.npmjs.org/parse-css-color/-/parse-css-color-0.2.1.tgz 0ms (cache hit)
618 http cache pako@https://registry.npmjs.org/pako/-/pako-0.2.9.tgz 0ms (cache hit)
619 http cache node-fetch@https://registry.npmjs.org/node-fetch/-/node-fetch-2.7.0.tgz 0ms (cache hit)
620 http cache node-addon-api@https://registry.npmjs.org/node-addon-api/-/node-addon-api-7.1.1.tgz 0ms (cache hit)
621 http cache ms@https://registry.npmjs.org/ms/-/ms-2.1.3.tgz 0ms (cache hit)
622 http cache nlcst-to-string@https://registry.npmjs.org/nlcst-to-string/-/nlcst-to-string-4.0.0.tgz 0ms (cache hit)
623 http cache oniguruma-to-es@https://registry.npmjs.org/oniguruma-to-es/-/oniguruma-to-es-1.0.0.tgz 0ms (cache hit)
624 http cache moo@https://registry.npmjs.org/moo/-/moo-0.5.2.tgz 0ms (cache hit)
625 http cache mime-types@https://registry.npmjs.org/mime-types/-/mime-types-2.1.18.tgz 0ms (cache hit)
626 http cache micromatch@https://registry.npmjs.org/micromatch/-/micromatch-4.0.8.tgz 0ms (cache hit)
627 http cache mj-context-menu@https://registry.npmjs.org/mj-context-menu/-/mj-context-menu-0.6.1.tgz 0ms (cache hit)
628 http cache micromark-util-types@https://registry.npmjs.org/micromark-util-types/-/micromark-util-types-2.0.0.tgz 0ms (cache hit)
629 http cache mime-db@https://registry.npmjs.org/mime-db/-/mime-db-1.33.0.tgz 0ms (cache hit)
630 http cache micromark-util-symbol@https://registry.npmjs.org/micromark-util-symbol/-/micromark-util-symbol-2.0.0.tgz 0ms (cache hit)
631 http cache micromark-util-subtokenize@https://registry.npmjs.org/micromark-util-subtokenize/-/micromark-util-subtokenize-2.0.0.tgz 0ms (cache hit)
632 http cache micromark-util-encode@https://registry.npmjs.org/micromark-util-encode/-/micromark-util-encode-2.0.0.tgz 0ms (cache hit)
633 http cache micromark-util-normalize-identifier@https://registry.npmjs.org/micromark-util-normalize-identifier/-/micromark-util-normalize-identifier-2.0.0.tgz 0ms (cache hit)
634 http cache micromark-util-html-tag-name@https://registry.npmjs.org/micromark-util-html-tag-name/-/micromark-util-html-tag-name-2.0.0.tgz 0ms (cache hit)
635 http cache micromark-util-resolve-all@https://registry.npmjs.org/micromark-util-resolve-all/-/micromark-util-resolve-all-2.0.0.tgz 0ms (cache hit)
636 http cache micromark-util-decode-string@https://registry.npmjs.org/micromark-util-decode-string/-/micromark-util-decode-string-2.0.0.tgz 0ms (cache hit)
637 http cache micromark-util-sanitize-uri@https://registry.npmjs.org/micromark-util-sanitize-uri/-/micromark-util-sanitize-uri-2.0.0.tgz 0ms (cache hit)
638 http cache micromark-util-decode-numeric-character-reference@https://registry.npmjs.org/micromark-util-decode-numeric-character-reference/-/micromark-util-decode-numeric-character-reference-2.0.1.tgz 0ms (cache hit)
639 http cache micromark-util-classify-character@https://registry.npmjs.org/micromark-util-classify-character/-/micromark-util-classify-character-2.0.0.tgz 0ms (cache hit)
640 http cache micromark-util-chunked@https://registry.npmjs.org/micromark-util-chunked/-/micromark-util-chunked-2.0.0.tgz 0ms (cache hit)
641 http cache micromark-util-combine-extensions@https://registry.npmjs.org/micromark-util-combine-extensions/-/micromark-util-combine-extensions-2.0.0.tgz 0ms (cache hit)
642 http cache micromark-factory-title@https://registry.npmjs.org/micromark-factory-title/-/micromark-factory-title-2.0.0.tgz 0ms (cache hit)
643 http cache micromark-factory-whitespace@https://registry.npmjs.org/micromark-factory-whitespace/-/micromark-factory-whitespace-2.0.0.tgz 0ms (cache hit)
644 http cache micromark-factory-space@https://registry.npmjs.org/micromark-factory-space/-/micromark-factory-space-2.0.0.tgz 0ms (cache hit)
645 http cache micromark-factory-label@https://registry.npmjs.org/micromark-factory-label/-/micromark-factory-label-2.0.0.tgz 0ms (cache hit)
646 http cache micromark-factory-destination@https://registry.npmjs.org/micromark-factory-destination/-/micromark-factory-destination-2.0.0.tgz 0ms (cache hit)
647 http cache micromark-util-character@https://registry.npmjs.org/micromark-util-character/-/micromark-util-character-2.0.1.tgz 0ms (cache hit)
648 http cache micromark-extension-math@https://registry.npmjs.org/micromark-extension-math/-/micromark-extension-math-3.0.0.tgz 0ms (cache hit)
649 http cache micromark-extension-gfm-tagfilter@https://registry.npmjs.org/micromark-extension-gfm-tagfilter/-/micromark-extension-gfm-tagfilter-2.0.0.tgz 0ms (cache hit)
650 http cache micromark-extension-gfm-task-list-item@https://registry.npmjs.org/micromark-extension-gfm-task-list-item/-/micromark-extension-gfm-task-list-item-2.0.1.tgz 0ms (cache hit)
651 http cache micromark-extension-gfm-strikethrough@https://registry.npmjs.org/micromark-extension-gfm-strikethrough/-/micromark-extension-gfm-strikethrough-2.0.0.tgz 0ms (cache hit)
652 http cache micromark-extension-gfm-autolink-literal@https://registry.npmjs.org/micromark-extension-gfm-autolink-literal/-/micromark-extension-gfm-autolink-literal-2.0.0.tgz 0ms (cache hit)
653 http cache micromark-extension-gfm-table@https://registry.npmjs.org/micromark-extension-gfm-table/-/micromark-extension-gfm-table-2.0.0.tgz 0ms (cache hit)
654 http cache micromark-extension-gfm-footnote@https://registry.npmjs.org/micromark-extension-gfm-footnote/-/micromark-extension-gfm-footnote-2.0.0.tgz 0ms (cache hit)
655 http cache micromark-extension-gfm@https://registry.npmjs.org/micromark-extension-gfm/-/micromark-extension-gfm-3.0.0.tgz 0ms (cache hit)
656 http cache micromark-extension-frontmatter@https://registry.npmjs.org/micromark-extension-frontmatter/-/micromark-extension-frontmatter-2.0.0.tgz 0ms (cache hit)
657 http cache mhchemparser@https://registry.npmjs.org/mhchemparser/-/mhchemparser-4.2.1.tgz 0ms (cache hit)
658 http cache merge2@https://registry.npmjs.org/merge2/-/merge2-1.4.1.tgz 0ms (cache hit)
659 http cache micromark@https://registry.npmjs.org/micromark/-/micromark-4.0.0.tgz 0ms (cache hit)
660 http cache micromark-core-commonmark@https://registry.npmjs.org/micromark-core-commonmark/-/micromark-core-commonmark-2.0.0.tgz 0ms (cache hit)
661 http cache mdast-util-to-markdown@https://registry.npmjs.org/mdast-util-to-markdown/-/mdast-util-to-markdown-2.1.0.tgz 0ms (cache hit)
662 http cache mdast-util-newline-to-break@https://registry.npmjs.org/mdast-util-newline-to-break/-/mdast-util-newline-to-break-2.0.0.tgz 0ms (cache hit)
663 http cache mdast-util-mdxjs-esm@https://registry.npmjs.org/mdast-util-mdxjs-esm/-/mdast-util-mdxjs-esm-2.0.1.tgz 0ms (cache hit)
664 http cache mdast-util-phrasing@https://registry.npmjs.org/mdast-util-phrasing/-/mdast-util-phrasing-4.0.0.tgz 0ms (cache hit)
665 http cache mdast-util-mdx-jsx@https://registry.npmjs.org/mdast-util-mdx-jsx/-/mdast-util-mdx-jsx-3.0.0.tgz 0ms (cache hit)
666 http cache mdast-util-mdx-expression@https://registry.npmjs.org/mdast-util-mdx-expression/-/mdast-util-mdx-expression-2.0.0.tgz 0ms (cache hit)
667 http cache mdast-util-gfm-task-list-item@https://registry.npmjs.org/mdast-util-gfm-task-list-item/-/mdast-util-gfm-task-list-item-2.0.0.tgz 0ms (cache hit)
668 http cache mdast-util-gfm-table@https://registry.npmjs.org/mdast-util-gfm-table/-/mdast-util-gfm-table-2.0.0.tgz 0ms (cache hit)
669 http cache mdast-util-gfm-strikethrough@https://registry.npmjs.org/mdast-util-gfm-strikethrough/-/mdast-util-gfm-strikethrough-2.0.0.tgz 0ms (cache hit)
670 http cache mdast-util-gfm-footnote@https://registry.npmjs.org/mdast-util-gfm-footnote/-/mdast-util-gfm-footnote-2.0.0.tgz 0ms (cache hit)
671 http cache mdast-util-math@https://registry.npmjs.org/mdast-util-math/-/mdast-util-math-3.0.0.tgz 0ms (cache hit)
672 http cache mdast-util-frontmatter@https://registry.npmjs.org/mdast-util-frontmatter/-/mdast-util-frontmatter-2.0.1.tgz 0ms (cache hit)
673 http cache mdast-util-gfm@https://registry.npmjs.org/mdast-util-gfm/-/mdast-util-gfm-3.0.0.tgz 0ms (cache hit)
674 http cache mdast-util-gfm-autolink-literal@https://registry.npmjs.org/mdast-util-gfm-autolink-literal/-/mdast-util-gfm-autolink-literal-2.0.0.tgz 0ms (cache hit)
675 http cache mathjax-full@https://registry.npmjs.org/mathjax-full/-/mathjax-full-3.2.2.tgz 0ms (cache hit)
676 http cache longest-streak@https://registry.npmjs.org/longest-streak/-/longest-streak-3.1.0.tgz 0ms (cache hit)
677 http cache linebreak@https://registry.npmjs.org/linebreak/-/linebreak-1.1.0.tgz 0ms (cache hit)
678 http cache markdown-table@https://registry.npmjs.org/markdown-table/-/markdown-table-3.0.3.tgz 0ms (cache hit)
679 http cache lightningcss-darwin-arm64@https://registry.npmjs.org/lightningcss-darwin-arm64/-/lightningcss-darwin-arm64-1.31.1.tgz 0ms (cache hit)
680 http cache kind-of@https://registry.npmjs.org/kind-of/-/kind-of-6.0.3.tgz 0ms (cache hit)
681 http cache mdast-util-from-markdown@https://registry.npmjs.org/mdast-util-from-markdown/-/mdast-util-from-markdown-2.0.0.tgz 0ms (cache hit)
682 http cache katex@https://registry.npmjs.org/katex/-/katex-0.16.21.tgz 0ms (cache hit)
683 http cache js-binary-schema-parser@https://registry.npmjs.org/js-binary-schema-parser/-/js-binary-schema-parser-2.0.3.tgz 0ms (cache hit)
684 http cache ismobilejs@https://registry.npmjs.org/ismobilejs/-/ismobilejs-1.1.1.tgz 0ms (cache hit)
685 http cache is-path-inside@https://registry.npmjs.org/is-path-inside/-/is-path-inside-4.0.0.tgz 0ms (cache hit)
686 http cache is-number@https://registry.npmjs.org/is-number/-/is-number-7.0.0.tgz 0ms (cache hit)
687 http cache is-plain-obj@https://registry.npmjs.org/is-plain-obj/-/is-plain-obj-4.1.0.tgz 0ms (cache hit)
688 http cache is-hexadecimal@https://registry.npmjs.org/is-hexadecimal/-/is-hexadecimal-2.0.1.tgz 0ms (cache hit)
689 http cache is-glob@https://registry.npmjs.org/is-glob/-/is-glob-4.0.3.tgz 0ms (cache hit)
690 http cache is-extglob@https://registry.npmjs.org/is-extglob/-/is-extglob-2.1.1.tgz 0ms (cache hit)
691 http cache is-extendable@https://registry.npmjs.org/is-extendable/-/is-extendable-0.1.1.tgz 0ms (cache hit)
692 http cache is-core-module@https://registry.npmjs.org/is-core-module/-/is-core-module-2.16.1.tgz 0ms (cache hit)
693 http cache is-decimal@https://registry.npmjs.org/is-decimal/-/is-decimal-2.0.1.tgz 0ms (cache hit)
694 http cache is-alphanumerical@https://registry.npmjs.org/is-alphanumerical/-/is-alphanumerical-2.0.1.tgz 0ms (cache hit)
695 http cache is-alphabetical@https://registry.npmjs.org/is-alphabetical/-/is-alphabetical-2.0.1.tgz 0ms (cache hit)
696 http cache internmap@https://registry.npmjs.org/internmap/-/internmap-2.0.3.tgz 0ms (cache hit)
697 http cache immutable@https://registry.npmjs.org/immutable/-/immutable-5.1.4.tgz 0ms (cache hit)
698 http cache ignore@https://registry.npmjs.org/ignore/-/ignore-7.0.5.tgz 0ms (cache hit)
699 http cache inline-style-parser@https://registry.npmjs.org/inline-style-parser/-/inline-style-parser-0.2.4.tgz 0ms (cache hit)
700 http cache ieee754@https://registry.npmjs.org/ieee754/-/ieee754-1.2.1.tgz 0ms (cache hit)
701 http cache iconv-lite@https://registry.npmjs.org/iconv-lite/-/iconv-lite-0.6.3.tgz 0ms (cache hit)
702 http cache hex-rgb@https://registry.npmjs.org/hex-rgb/-/hex-rgb-4.3.0.tgz 0ms (cache hit)
703 http cache https-proxy-agent@https://registry.npmjs.org/https-proxy-agent/-/https-proxy-agent-7.0.2.tgz 0ms (cache hit)
704 http cache html-void-elements@https://registry.npmjs.org/html-void-elements/-/html-void-elements-3.0.0.tgz 0ms (cache hit)
705 http cache hastscript@https://registry.npmjs.org/hastscript/-/hastscript-8.0.0.tgz 0ms (cache hit)
706 http cache hast-util-raw@https://registry.npmjs.org/hast-util-raw/-/hast-util-raw-9.0.1.tgz 0ms (cache hit)
707 http cache hast-util-to-parse5@https://registry.npmjs.org/hast-util-to-parse5/-/hast-util-to-parse5-8.0.0.tgz 0ms (cache hit)
708 http cache hast-util-to-text@https://registry.npmjs.org/hast-util-to-text/-/hast-util-to-text-4.0.0.tgz 0ms (cache hit)
709 http cache hast-util-whitespace@https://registry.npmjs.org/hast-util-whitespace/-/hast-util-whitespace-3.0.0.tgz 0ms (cache hit)
710 http cache hast-util-parse-selector@https://registry.npmjs.org/hast-util-parse-selector/-/hast-util-parse-selector-4.0.0.tgz 0ms (cache hit)
711 http cache hast-util-is-element@https://registry.npmjs.org/hast-util-is-element/-/hast-util-is-element-3.0.0.tgz 0ms (cache hit)
712 http cache hast-util-from-parse5@https://registry.npmjs.org/hast-util-from-parse5/-/hast-util-from-parse5-8.0.1.tgz 0ms (cache hit)
713 http cache hast-util-from-html-isomorphic@https://registry.npmjs.org/hast-util-from-html-isomorphic/-/hast-util-from-html-isomorphic-2.0.0.tgz 0ms (cache hit)
714 http cache hast-util-from-html@https://registry.npmjs.org/hast-util-from-html/-/hast-util-from-html-2.0.1.tgz 0ms (cache hit)
715 http cache hast-util-heading-rank@https://registry.npmjs.org/hast-util-heading-rank/-/hast-util-heading-rank-3.0.0.tgz 0ms (cache hit)
716 http cache hast-util-from-dom@https://registry.npmjs.org/hast-util-from-dom/-/hast-util-from-dom-5.0.0.tgz 0ms (cache hit)
717 http cache hasown@https://registry.npmjs.org/hasown/-/hasown-2.0.2.tgz 0ms (cache hit)
718 http cache get-tsconfig@https://registry.npmjs.org/get-tsconfig/-/get-tsconfig-4.7.5.tgz 0ms (cache hit)
719 http cache gifuct-js@https://registry.npmjs.org/gifuct-js/-/gifuct-js-2.1.2.tgz 0ms (cache hit)
720 http cache glob-parent@https://registry.npmjs.org/glob-parent/-/glob-parent-5.1.2.tgz 0ms (cache hit)
721 http cache get-east-asian-width@https://registry.npmjs.org/get-east-asian-width/-/get-east-asian-width-1.3.0.tgz 0ms (cache hit)
722 http cache get-caller-file@https://registry.npmjs.org/get-caller-file/-/get-caller-file-2.0.5.tgz 0ms (cache hit)
723 http cache fsevents@https://registry.npmjs.org/fsevents/-/fsevents-2.3.3.tgz 0ms (cache hit)
724 http cache has-flag@https://registry.npmjs.org/has-flag/-/has-flag-4.0.0.tgz 0ms (cache hit)
725 http cache function-bind@https://registry.npmjs.org/function-bind/-/function-bind-1.1.2.tgz 0ms (cache hit)
726 http cache fill-range@https://registry.npmjs.org/fill-range/-/fill-range-7.1.1.tgz 0ms (cache hit)
727 http cache format@https://registry.npmjs.org/format/-/format-0.2.2.tgz 0ms (cache hit)
728 http cache fflate@https://registry.npmjs.org/fflate/-/fflate-0.7.4.tgz 0ms (cache hit)
729 http cache fetch-ponyfill@https://registry.npmjs.org/fetch-ponyfill/-/fetch-ponyfill-7.1.0.tgz 0ms (cache hit)
730 http cache fault@https://registry.npmjs.org/fault/-/fault-2.0.1.tgz 0ms (cache hit)
731 http cache fastq@https://registry.npmjs.org/fastq/-/fastq-1.19.0.tgz 0ms (cache hit)
732 http cache fast-string-truncated-width@https://registry.npmjs.org/fast-string-truncated-width/-/fast-string-truncated-width-3.0.1.tgz 0ms (cache hit)
733 http cache fast-glob@https://registry.npmjs.org/fast-glob/-/fast-glob-3.3.3.tgz 0ms (cache hit)
734 http cache extend-shallow@https://registry.npmjs.org/extend-shallow/-/extend-shallow-2.0.1.tgz 0ms (cache hit)
735 http cache extend@https://registry.npmjs.org/extend/-/extend-3.0.2.tgz 0ms (cache hit)
736 http cache escape-string-regexp@https://registry.npmjs.org/escape-string-regexp/-/escape-string-regexp-5.0.0.tgz 0ms (cache hit)
737 http cache esprima@https://registry.npmjs.org/esprima/-/esprima-4.0.1.tgz 0ms (cache hit)
738 http cache eventemitter3@https://registry.npmjs.org/eventemitter3/-/eventemitter3-5.0.1.tgz 0ms (cache hit)
739 http cache estree-util-is-identifier-name@https://registry.npmjs.org/estree-util-is-identifier-name/-/estree-util-is-identifier-name-3.0.0.tgz 0ms (cache hit)
740 http cache esm@https://registry.npmjs.org/esm/-/esm-3.2.25.tgz 0ms (cache hit)
741 http cache entities@https://registry.npmjs.org/entities/-/entities-4.5.0.tgz 0ms (cache hit)
742 http cache escalade@https://registry.npmjs.org/escalade/-/escalade-3.1.1.tgz 0ms (cache hit)
743 http cache emoji-regex-xs@https://registry.npmjs.org/emoji-regex-xs/-/emoji-regex-xs-1.0.0.tgz 0ms (cache hit)
744 http cache escape-html@https://registry.npmjs.org/escape-html/-/escape-html-1.0.3.tgz 0ms (cache hit)
745 http cache detect-libc@https://registry.npmjs.org/detect-libc/-/detect-libc-2.1.2.tgz 0ms (cache hit)
746 http cache emoji-regex@https://registry.npmjs.org/emoji-regex/-/emoji-regex-10.4.0.tgz 0ms (cache hit)
747 http cache dequal@https://registry.npmjs.org/dequal/-/dequal-2.0.3.tgz 0ms (cache hit)
748 http cache devlop@https://registry.npmjs.org/devlop/-/devlop-1.1.0.tgz 0ms (cache hit)
749 http cache debug@https://registry.npmjs.org/debug/-/debug-4.3.7.tgz 0ms (cache hit)
750 http cache d3-time-format@https://registry.npmjs.org/d3-time-format/-/d3-time-format-4.1.0.tgz 0ms (cache hit)
751 http cache decode-named-character-reference@https://registry.npmjs.org/decode-named-character-reference/-/decode-named-character-reference-1.0.2.tgz 0ms (cache hit)
752 http cache d3-timer@https://registry.npmjs.org/d3-timer/-/d3-timer-3.0.1.tgz 0ms (cache hit)
753 http cache earcut@https://registry.npmjs.org/earcut/-/earcut-3.0.2.tgz 0ms (cache hit)
754 http cache delaunator@https://registry.npmjs.org/delaunator/-/delaunator-5.0.0.tgz 0ms (cache hit)
755 http cache d3-time@https://registry.npmjs.org/d3-time/-/d3-time-3.1.0.tgz 0ms (cache hit)
756 http cache d3-transition@https://registry.npmjs.org/d3-transition/-/d3-transition-3.0.1.tgz 0ms (cache hit)
757 http cache d3-selection@https://registry.npmjs.org/d3-selection/-/d3-selection-3.0.0.tgz 0ms (cache hit)
758 http cache d3-zoom@https://registry.npmjs.org/d3-zoom/-/d3-zoom-3.0.0.tgz 0ms (cache hit)
759 http cache d3-shape@https://registry.npmjs.org/d3-shape/-/d3-shape-3.2.0.tgz 0ms (cache hit)
760 http cache d3-scale@https://registry.npmjs.org/d3-scale/-/d3-scale-4.0.2.tgz 0ms (cache hit)
761 http cache d3-scale-chromatic@https://registry.npmjs.org/d3-scale-chromatic/-/d3-scale-chromatic-3.0.0.tgz 0ms (cache hit)
762 http cache d3-random@https://registry.npmjs.org/d3-random/-/d3-random-3.0.1.tgz 0ms (cache hit)
763 http cache d3-quadtree@https://registry.npmjs.org/d3-quadtree/-/d3-quadtree-3.0.1.tgz 0ms (cache hit)
764 http cache d3-interpolate@https://registry.npmjs.org/d3-interpolate/-/d3-interpolate-3.0.1.tgz 0ms (cache hit)
765 http cache d3-hierarchy@https://registry.npmjs.org/d3-hierarchy/-/d3-hierarchy-3.1.2.tgz 0ms (cache hit)
766 http cache d3-path@https://registry.npmjs.org/d3-path/-/d3-path-3.1.0.tgz 0ms (cache hit)
767 http cache d3-polygon@https://registry.npmjs.org/d3-polygon/-/d3-polygon-3.0.1.tgz 0ms (cache hit)
768 http cache d3-format@https://registry.npmjs.org/d3-format/-/d3-format-3.1.0.tgz 0ms (cache hit)
769 http cache d3-force@https://registry.npmjs.org/d3-force/-/d3-force-3.0.0.tgz 0ms (cache hit)
770 http cache d3-fetch@https://registry.npmjs.org/d3-fetch/-/d3-fetch-3.0.1.tgz 0ms (cache hit)
771 http cache d3-dsv@https://registry.npmjs.org/d3-dsv/-/d3-dsv-3.0.1.tgz 0ms (cache hit)
772 http cache d3-geo@https://registry.npmjs.org/d3-geo/-/d3-geo-3.1.0.tgz 0ms (cache hit)
773 http cache d3-ease@https://registry.npmjs.org/d3-ease/-/d3-ease-3.0.1.tgz 0ms (cache hit)
774 http cache d3-dispatch@https://registry.npmjs.org/d3-dispatch/-/d3-dispatch-3.0.1.tgz 0ms (cache hit)
775 http cache d3-drag@https://registry.npmjs.org/d3-drag/-/d3-drag-3.0.0.tgz 0ms (cache hit)
776 http cache d3-delaunay@https://registry.npmjs.org/d3-delaunay/-/d3-delaunay-6.0.4.tgz 0ms (cache hit)
777 http cache d3-color@https://registry.npmjs.org/d3-color/-/d3-color-3.1.0.tgz 0ms (cache hit)
778 http cache d3-contour@https://registry.npmjs.org/d3-contour/-/d3-contour-4.0.2.tgz 0ms (cache hit)
779 http cache d3-chord@https://registry.npmjs.org/d3-chord/-/d3-chord-3.0.1.tgz 0ms (cache hit)
780 http cache d3-brush@https://registry.npmjs.org/d3-brush/-/d3-brush-3.0.0.tgz 0ms (cache hit)
781 http cache d3-array@https://registry.npmjs.org/d3-array/-/d3-array-3.2.4.tgz 0ms (cache hit)
782 http cache d3-axis@https://registry.npmjs.org/d3-axis/-/d3-axis-3.0.0.tgz 0ms (cache hit)
783 http cache css-to-react-native@https://registry.npmjs.org/css-to-react-native/-/css-to-react-native-3.2.0.tgz 0ms (cache hit)
784 http cache css-gradient-parser@https://registry.npmjs.org/css-gradient-parser/-/css-gradient-parser-0.0.17.tgz 0ms (cache hit)
785 http cache css-color-keywords@https://registry.npmjs.org/css-color-keywords/-/css-color-keywords-1.0.0.tgz 0ms (cache hit)
786 http cache css-background-parser@https://registry.npmjs.org/css-background-parser/-/css-background-parser-0.1.0.tgz 0ms (cache hit)
787 http cache css-box-shadow@https://registry.npmjs.org/css-box-shadow/-/css-box-shadow-1.0.0-3.tgz 0ms (cache hit)
788 http cache cross-fetch@https://registry.npmjs.org/cross-fetch/-/cross-fetch-4.0.0.tgz 0ms (cache hit)
789 http cache content-disposition@https://registry.npmjs.org/content-disposition/-/content-disposition-0.5.2.tgz 0ms (cache hit)
790 http cache concat-map@https://registry.npmjs.org/concat-map/-/concat-map-0.0.1.tgz 0ms (cache hit)
791 http cache comma-separated-tokens@https://registry.npmjs.org/comma-separated-tokens/-/comma-separated-tokens-2.0.3.tgz 0ms (cache hit)
792 http cache commander@https://registry.npmjs.org/commander/-/commander-7.2.0.tgz 0ms (cache hit)
793 http cache cliui@https://registry.npmjs.org/cliui/-/cliui-9.0.1.tgz 0ms (cache hit)
794 http cache colorjs.io@https://registry.npmjs.org/colorjs.io/-/colorjs.io-0.5.2.tgz 0ms (cache hit)
795 http cache color-name@https://registry.npmjs.org/color-name/-/color-name-1.1.4.tgz 0ms (cache hit)
796 http cache citeproc@https://registry.npmjs.org/citeproc/-/citeproc-2.4.63.tgz 0ms (cache hit)
797 http cache character-reference-invalid@https://registry.npmjs.org/character-reference-invalid/-/character-reference-invalid-2.0.1.tgz 0ms (cache hit)
798 http cache character-entities-legacy@https://registry.npmjs.org/character-entities-legacy/-/character-entities-legacy-3.0.0.tgz 0ms (cache hit)
799 http cache ccount@https://registry.npmjs.org/ccount/-/ccount-2.0.1.tgz 0ms (cache hit)
800 http cache character-entities-html4@https://registry.npmjs.org/character-entities-html4/-/character-entities-html4-2.1.0.tgz 0ms (cache hit)
801 http cache bytes@https://registry.npmjs.org/bytes/-/bytes-3.0.0.tgz 0ms (cache hit)
802 http cache character-entities@https://registry.npmjs.org/character-entities/-/character-entities-2.0.2.tgz 0ms (cache hit)
803 http cache camelize@https://registry.npmjs.org/camelize/-/camelize-1.0.1.tgz 0ms (cache hit)
804 http cache buffer-from@https://registry.npmjs.org/buffer-from/-/buffer-from-1.1.2.tgz 0ms (cache hit)
805 http cache buffer-builder@https://registry.npmjs.org/buffer-builder/-/buffer-builder-0.2.0.tgz 0ms (cache hit)
806 http cache base64-js@https://registry.npmjs.org/base64-js/-/base64-js-1.5.1.tgz 0ms (cache hit)
807 http cache balanced-match@https://registry.npmjs.org/balanced-match/-/balanced-match-1.0.2.tgz 0ms (cache hit)
808 http cache braces@https://registry.npmjs.org/braces/-/braces-3.0.3.tgz 0ms (cache hit)
809 http cache buffer@https://registry.npmjs.org/buffer/-/buffer-5.7.1.tgz 0ms (cache hit)
810 http cache array-iterate@https://registry.npmjs.org/array-iterate/-/array-iterate-2.0.1.tgz 0ms (cache hit)
811 http cache bail@https://registry.npmjs.org/bail/-/bail-2.0.2.tgz 0ms (cache hit)
812 http cache ansi-styles@https://registry.npmjs.org/ansi-styles/-/ansi-styles-6.2.1.tgz 0ms (cache hit)
813 http cache argparse@https://registry.npmjs.org/argparse/-/argparse-2.0.1.tgz 0ms (cache hit)
814 http cache agent-base@https://registry.npmjs.org/agent-base/-/agent-base-7.1.0.tgz 0ms (cache hit)
815 http cache ansi-regex@https://registry.npmjs.org/ansi-regex/-/ansi-regex-6.1.0.tgz 0ms (cache hit)
816 http cache unist-util-stringify-position@https://registry.npmjs.org/unist-util-stringify-position/-/unist-util-stringify-position-4.0.0.tgz 0ms (cache hit)
817 http cache vfile-message@https://registry.npmjs.org/vfile-message/-/vfile-message-4.0.2.tgz 0ms (cache hit)
818 http cache minimatch@https://registry.npmjs.org/minimatch/-/minimatch-3.1.2.tgz 0ms (cache hit)
819 http cache @types/unist@https://registry.npmjs.org/@types/unist/-/unist-3.0.2.tgz 0ms (cache hit)
820 http cache brace-expansion@https://registry.npmjs.org/brace-expansion/-/brace-expansion-1.1.11.tgz 0ms (cache hit)
821 http cache @types/unist@https://registry.npmjs.org/@types/unist/-/unist-3.0.2.tgz 0ms (cache hit)
822 http cache @types/unist@https://registry.npmjs.org/@types/unist/-/unist-3.0.2.tgz 0ms (cache hit)
823 http cache hastscript@https://registry.npmjs.org/hastscript/-/hastscript-9.0.0.tgz 0ms (cache hit)
824 http cache property-information@https://registry.npmjs.org/property-information/-/property-information-7.0.0.tgz 0ms (cache hit)
825 http cache vfile-message@https://registry.npmjs.org/vfile-message/-/vfile-message-4.0.2.tgz 0ms (cache hit)
826 http cache @types/unist@https://registry.npmjs.org/@types/unist/-/unist-3.0.2.tgz 0ms (cache hit)
827 http cache emoji-regex-xs@https://registry.npmjs.org/emoji-regex-xs/-/emoji-regex-xs-2.0.1.tgz 0ms (cache hit)
828 http cache property-information@https://registry.npmjs.org/property-information/-/property-information-7.0.0.tgz 0ms (cache hit)
829 http cache unist-util-stringify-position@https://registry.npmjs.org/unist-util-stringify-position/-/unist-util-stringify-position-4.0.0.tgz 0ms (cache hit)
830 http cache argparse@https://registry.npmjs.org/argparse/-/argparse-1.0.10.tgz 0ms (cache hit)
831 http cache picomatch@https://registry.npmjs.org/picomatch/-/picomatch-4.0.3.tgz 0ms (cache hit)
832 http cache @types/unist@https://registry.npmjs.org/@types/unist/-/unist-3.0.2.tgz 0ms (cache hit)
833 http cache js-yaml@https://registry.npmjs.org/js-yaml/-/js-yaml-3.14.1.tgz 0ms (cache hit)
834 http cache @types/unist@https://registry.npmjs.org/@types/unist/-/unist-3.0.2.tgz 0ms (cache hit)
835 http cache @types/unist@https://registry.npmjs.org/@types/unist/-/unist-3.0.2.tgz 0ms (cache hit)
836 http cache @types/unist@https://registry.npmjs.org/@types/unist/-/unist-3.0.2.tgz 0ms (cache hit)
837 http cache @types/unist@https://registry.npmjs.org/@types/unist/-/unist-3.0.3.tgz 0ms (cache hit)
838 http cache @types/unist@https://registry.npmjs.org/@types/unist/-/unist-3.0.2.tgz 0ms (cache hit)
839 http cache @types/unist@https://registry.npmjs.org/@types/unist/-/unist-3.0.2.tgz 0ms (cache hit)
840 http cache @types/unist@https://registry.npmjs.org/@types/unist/-/unist-3.0.3.tgz 0ms (cache hit)
841 http cache @types/unist@https://registry.npmjs.org/@types/unist/-/unist-3.0.2.tgz 0ms (cache hit)
842 http cache commander@https://registry.npmjs.org/commander/-/commander-9.2.0.tgz 0ms (cache hit)
843 http cache chokidar@https://registry.npmjs.org/chokidar/-/chokidar-4.0.3.tgz 0ms (cache hit)
844 http cache readdirp@https://registry.npmjs.org/readdirp/-/readdirp-4.1.2.tgz 0ms (cache hit)
845 http cache @types/unist@https://registry.npmjs.org/@types/unist/-/unist-3.0.2.tgz 0ms (cache hit)
846 http cache webidl-conversions@https://registry.npmjs.org/webidl-conversions/-/webidl-conversions-3.0.1.tgz 0ms (cache hit)
847 http cache @types/unist@https://registry.npmjs.org/@types/unist/-/unist-3.0.2.tgz 0ms (cache hit)
848 http cache tr46@https://registry.npmjs.org/tr46/-/tr46-0.0.3.tgz 0ms (cache hit)
849 http cache vfile-message@https://registry.npmjs.org/vfile-message/-/vfile-message-4.0.2.tgz 0ms (cache hit)
850 http cache whatwg-url@https://registry.npmjs.org/whatwg-url/-/whatwg-url-5.0.0.tgz 0ms (cache hit)
851 http cache unist-util-stringify-position@https://registry.npmjs.org/unist-util-stringify-position/-/unist-util-stringify-position-4.0.0.tgz 0ms (cache hit)
852 http cache @types/unist@https://registry.npmjs.org/@types/unist/-/unist-3.0.2.tgz 0ms (cache hit)
853 http cache @types/unist@https://registry.npmjs.org/@types/unist/-/unist-3.0.2.tgz 0ms (cache hit)
854 http cache unist-util-stringify-position@https://registry.npmjs.org/unist-util-stringify-position/-/unist-util-stringify-position-4.0.0.tgz 0ms (cache hit)
855 http cache commander@https://registry.npmjs.org/commander/-/commander-8.3.0.tgz 0ms (cache hit)
856 http cache @types/unist@https://registry.npmjs.org/@types/unist/-/unist-3.0.2.tgz 0ms (cache hit)
857 http cache @types/unist@https://registry.npmjs.org/@types/unist/-/unist-3.0.2.tgz 0ms (cache hit)
858 http cache @types/unist@https://registry.npmjs.org/@types/unist/-/unist-3.0.2.tgz 0ms (cache hit)
859 http cache @types/unist@https://registry.npmjs.org/@types/unist/-/unist-3.0.2.tgz 0ms (cache hit)
860 http cache base64-js@https://registry.npmjs.org/base64-js/-/base64-js-0.0.8.tgz 0ms (cache hit)
861 http cache webidl-conversions@https://registry.npmjs.org/webidl-conversions/-/webidl-conversions-3.0.1.tgz 0ms (cache hit)
862 http cache unist-util-stringify-position@https://registry.npmjs.org/unist-util-stringify-position/-/unist-util-stringify-position-4.0.0.tgz 0ms (cache hit)
863 http cache whatwg-url@https://registry.npmjs.org/whatwg-url/-/whatwg-url-5.0.0.tgz 0ms (cache hit)
864 http cache vfile-message@https://registry.npmjs.org/vfile-message/-/vfile-message-4.0.2.tgz 0ms (cache hit)
865 silly tarball no local data for yargs@https://registry.npmjs.org/yargs/-/yargs-18.0.0.tgz. Extracting by manifest.
866 silly tarball no local data for ws@https://registry.npmjs.org/ws/-/ws-8.19.0.tgz. Extracting by manifest.
867 silly tarball no local data for unist-util-visit@https://registry.npmjs.org/unist-util-visit/-/unist-util-visit-5.1.0.tgz. Extracting by manifest.
868 silly tarball no local data for workerpool@https://registry.npmjs.org/workerpool/-/workerpool-10.0.1.tgz. Extracting by manifest.
869 silly tarball no local data for unified@https://registry.npmjs.org/unified/-/unified-11.0.5.tgz. Extracting by manifest.
870 silly tarball no local data for vfile@https://registry.npmjs.org/vfile/-/vfile-6.0.3.tgz. Extracting by manifest.
871 silly tarball no local data for typescript@https://registry.npmjs.org/typescript/-/typescript-5.9.3.tgz. Extracting by manifest.
872 silly tarball no local data for tsx@https://registry.npmjs.org/tsx/-/tsx-4.21.0.tgz. Extracting by manifest.
873 silly tarball no local data for to-vfile@https://registry.npmjs.org/to-vfile/-/to-vfile-8.0.0.tgz. Extracting by manifest.
874 silly tarball no local data for shiki@https://registry.npmjs.org/shiki/-/shiki-1.26.2.tgz. Extracting by manifest.
875 silly tarball no local data for source-map-support@https://registry.npmjs.org/source-map-support/-/source-map-support-0.5.21.tgz. Extracting by manifest.
876 silly tarball no local data for sharp@https://registry.npmjs.org/sharp/-/sharp-0.34.5.tgz. Extracting by manifest.
877 silly tarball no local data for toml@https://registry.npmjs.org/toml/-/toml-3.0.0.tgz. Extracting by manifest.
878 silly tarball no local data for satori@https://registry.npmjs.org/satori/-/satori-0.19.1.tgz. Extracting by manifest.
879 silly tarball no local data for remark-smartypants@https://registry.npmjs.org/remark-smartypants/-/remark-smartypants-3.0.2.tgz. Extracting by manifest.
880 silly tarball no local data for rfdc@https://registry.npmjs.org/rfdc/-/rfdc-1.4.1.tgz. Extracting by manifest.
881 silly tarball no local data for remark-parse@https://registry.npmjs.org/remark-parse/-/remark-parse-11.0.0.tgz. Extracting by manifest.
882 silly tarball no local data for serve-handler@https://registry.npmjs.org/serve-handler/-/serve-handler-6.1.6.tgz. Extracting by manifest.
883 silly tarball no local data for remark-math@https://registry.npmjs.org/remark-math/-/remark-math-6.0.0.tgz. Extracting by manifest.
884 silly tarball no local data for remark-rehype@https://registry.npmjs.org/remark-rehype/-/remark-rehype-11.1.2.tgz. Extracting by manifest.
885 silly tarball no local data for remark-frontmatter@https://registry.npmjs.org/remark-frontmatter/-/remark-frontmatter-5.0.0.tgz. Extracting by manifest.
886 silly tarball no local data for remark-breaks@https://registry.npmjs.org/remark-breaks/-/remark-breaks-4.0.0.tgz. Extracting by manifest.
887 silly tarball no local data for remark-gfm@https://registry.npmjs.org/remark-gfm/-/remark-gfm-4.0.1.tgz. Extracting by manifest.
888 silly tarball no local data for rehype-slug@https://registry.npmjs.org/rehype-slug/-/rehype-slug-6.0.0.tgz. Extracting by manifest.
889 silly tarball no local data for rehype-raw@https://registry.npmjs.org/rehype-raw/-/rehype-raw-7.0.0.tgz. Extracting by manifest.
890 silly tarball no local data for rehype-mathjax@https://registry.npmjs.org/rehype-mathjax/-/rehype-mathjax-7.1.0.tgz. Extracting by manifest.
891 silly tarball no local data for rehype-pretty-code@https://registry.npmjs.org/rehype-pretty-code/-/rehype-pretty-code-0.14.1.tgz. Extracting by manifest.
892 silly tarball no local data for rehype-citation@https://registry.npmjs.org/rehype-citation/-/rehype-citation-2.3.1.tgz. Extracting by manifest.
893 silly tarball no local data for remark@https://registry.npmjs.org/remark/-/remark-15.0.1.tgz. Extracting by manifest.
894 silly tarball no local data for rehype-katex@https://registry.npmjs.org/rehype-katex/-/rehype-katex-7.0.1.tgz. Extracting by manifest.
895 silly tarball no local data for reading-time@https://registry.npmjs.org/reading-time/-/reading-time-1.5.0.tgz. Extracting by manifest.
896 silly tarball no local data for pretty-time@https://registry.npmjs.org/pretty-time/-/pretty-time-1.1.0.tgz. Extracting by manifest.
897 silly tarball no local data for pretty-bytes@https://registry.npmjs.org/pretty-bytes/-/pretty-bytes-7.1.0.tgz. Extracting by manifest.
898 silly tarball no local data for rehype-autolink-headings@https://registry.npmjs.org/rehype-autolink-headings/-/rehype-autolink-headings-7.1.0.tgz. Extracting by manifest.
899 http cache node-fetch@https://registry.npmjs.org/node-fetch/-/node-fetch-2.6.13.tgz 0ms (cache hit)
900 http cache tr46@https://registry.npmjs.org/tr46/-/tr46-0.0.3.tgz 0ms (cache hit)
901 silly tarball no local data for prettier@https://registry.npmjs.org/prettier/-/prettier-3.8.1.tgz. Extracting by manifest.
902 silly tarball no local data for pixi.js@https://registry.npmjs.org/pixi.js/-/pixi.js-8.15.0.tgz. Extracting by manifest.
903 silly tarball no local data for preact@https://registry.npmjs.org/preact/-/preact-10.28.2.tgz. Extracting by manifest.
904 silly tarball no local data for preact-render-to-string@https://registry.npmjs.org/preact-render-to-string/-/preact-render-to-string-6.6.5.tgz. Extracting by manifest.
905 silly tarball no local data for micromorph@https://registry.npmjs.org/micromorph/-/micromorph-0.4.5.tgz. Extracting by manifest.
906 silly tarball no local data for mdast-util-to-string@https://registry.npmjs.org/mdast-util-to-string/-/mdast-util-to-string-4.0.0.tgz. Extracting by manifest.
907 silly tarball no local data for minimatch@https://registry.npmjs.org/minimatch/-/minimatch-10.1.1.tgz. Extracting by manifest.
908 silly tarball no local data for mdast-util-find-and-replace@https://registry.npmjs.org/mdast-util-find-and-replace/-/mdast-util-find-and-replace-3.0.2.tgz. Extracting by manifest.
909 silly tarball no local data for mdast-util-to-hast@https://registry.npmjs.org/mdast-util-to-hast/-/mdast-util-to-hast-13.2.1.tgz. Extracting by manifest.
910 silly tarball no local data for is-absolute-url@https://registry.npmjs.org/is-absolute-url/-/is-absolute-url-5.0.0.tgz. Extracting by manifest.
911 silly tarball no local data for js-yaml@https://registry.npmjs.org/js-yaml/-/js-yaml-4.1.1.tgz. Extracting by manifest.
912 silly tarball no local data for lightningcss@https://registry.npmjs.org/lightningcss/-/lightningcss-1.31.1.tgz. Extracting by manifest.
913 silly tarball no local data for hast-util-to-string@https://registry.npmjs.org/hast-util-to-string/-/hast-util-to-string-3.0.1.tgz. Extracting by manifest.
914 silly tarball no local data for gray-matter@https://registry.npmjs.org/gray-matter/-/gray-matter-4.0.3.tgz. Extracting by manifest.
915 silly tarball no local data for globby@https://registry.npmjs.org/globby/-/globby-16.1.0.tgz. Extracting by manifest.
916 silly tarball no local data for hast-util-to-html@https://registry.npmjs.org/hast-util-to-html/-/hast-util-to-html-9.0.5.tgz. Extracting by manifest.
917 silly tarball no local data for flexsearch@https://registry.npmjs.org/flexsearch/-/flexsearch-0.8.205.tgz. Extracting by manifest.
918 silly tarball no local data for esbuild-sass-plugin@https://registry.npmjs.org/esbuild-sass-plugin/-/esbuild-sass-plugin-3.6.0.tgz. Extracting by manifest.
919 silly tarball no local data for github-slugger@https://registry.npmjs.org/github-slugger/-/github-slugger-2.0.0.tgz. Extracting by manifest.
920 silly tarball no local data for d3@https://registry.npmjs.org/d3/-/d3-7.9.0.tgz. Extracting by manifest.
921 silly tarball no local data for cli-spinner@https://registry.npmjs.org/cli-spinner/-/cli-spinner-0.2.10.tgz. Extracting by manifest.
922 silly tarball no local data for async-mutex@https://registry.npmjs.org/async-mutex/-/async-mutex-0.5.0.tgz. Extracting by manifest.
923 silly tarball no local data for esbuild@https://registry.npmjs.org/esbuild/-/esbuild-0.27.2.tgz. Extracting by manifest.
924 silly tarball no local data for chokidar@https://registry.npmjs.org/chokidar/-/chokidar-5.0.0.tgz. Extracting by manifest.
925 silly tarball no local data for hast-util-to-jsx-runtime@https://registry.npmjs.org/hast-util-to-jsx-runtime/-/hast-util-to-jsx-runtime-2.3.6.tgz. Extracting by manifest.
926 silly tarball no local data for @types/yargs@https://registry.npmjs.org/@types/yargs/-/yargs-17.0.35.tgz. Extracting by manifest.
927 silly tarball no local data for @types/ws@https://registry.npmjs.org/@types/ws/-/ws-8.18.1.tgz. Extracting by manifest.
928 silly tarball no local data for @types/pretty-time@https://registry.npmjs.org/@types/pretty-time/-/pretty-time-1.1.5.tgz. Extracting by manifest.
929 silly tarball no local data for @types/js-yaml@https://registry.npmjs.org/@types/js-yaml/-/js-yaml-4.0.9.tgz. Extracting by manifest.
930 silly tarball no local data for @types/node@https://registry.npmjs.org/@types/node/-/node-25.0.10.tgz. Extracting by manifest.
931 silly tarball no local data for @tweenjs/tween.js@https://registry.npmjs.org/@tweenjs/tween.js/-/tween.js-25.0.0.tgz. Extracting by manifest.
932 silly tarball no local data for @types/hast@https://registry.npmjs.org/@types/hast/-/hast-3.0.4.tgz. Extracting by manifest.
933 silly tarball no local data for ansi-truncate@https://registry.npmjs.org/ansi-truncate/-/ansi-truncate-1.4.0.tgz. Extracting by manifest.
934 silly tarball no local data for @myriaddreamin/rehype-typst@https://registry.npmjs.org/@myriaddreamin/rehype-typst/-/rehype-typst-0.6.0.tgz. Extracting by manifest.
935 silly tarball no local data for @napi-rs/simple-git@https://registry.npmjs.org/@napi-rs/simple-git/-/simple-git-0.1.22.tgz. Extracting by manifest.
936 silly tarball no local data for @webgpu/types@https://registry.npmjs.org/@webgpu/types/-/types-0.1.64.tgz. Extracting by manifest.
937 silly tarball no local data for @clack/prompts@https://registry.npmjs.org/@clack/prompts/-/prompts-0.11.0.tgz. Extracting by manifest.
938 silly tarball no local data for @types/d3@https://registry.npmjs.org/@types/d3/-/d3-7.4.3.tgz. Extracting by manifest.
939 silly tarball no local data for @ungap/structured-clone@https://registry.npmjs.org/@ungap/structured-clone/-/structured-clone-1.2.0.tgz. Extracting by manifest.
940 silly tarball no local data for @floating-ui/dom@https://registry.npmjs.org/@floating-ui/dom/-/dom-1.7.4.tgz. Extracting by manifest.
941 silly tarball no local data for @xmldom/xmldom@https://registry.npmjs.org/@xmldom/xmldom/-/xmldom-0.8.10.tgz. Extracting by manifest.
942 silly tarball no local data for @shikijs/types@https://registry.npmjs.org/@shikijs/types/-/types-1.26.2.tgz. Extracting by manifest.
943 silly tarball no local data for @shikijs/vscode-textmate@https://registry.npmjs.org/@shikijs/vscode-textmate/-/vscode-textmate-10.0.1.tgz. Extracting by manifest.
944 silly tarball no local data for @types/source-map-support@https://registry.npmjs.org/@types/source-map-support/-/source-map-support-0.5.10.tgz. Extracting by manifest.
945 silly tarball no local data for @shikijs/engine-oniguruma@https://registry.npmjs.org/@shikijs/engine-oniguruma/-/engine-oniguruma-1.26.2.tgz. Extracting by manifest.
946 silly tarball no local data for @shikijs/engine-javascript@https://registry.npmjs.org/@shikijs/engine-javascript/-/engine-javascript-1.26.2.tgz. Extracting by manifest.
947 silly tarball no local data for @shikijs/langs@https://registry.npmjs.org/@shikijs/langs/-/langs-1.26.2.tgz. Extracting by manifest.
948 silly tarball no local data for @shikijs/core@https://registry.npmjs.org/@shikijs/core/-/core-1.26.2.tgz. Extracting by manifest.
949 silly tarball no local data for @shikijs/themes@https://registry.npmjs.org/@shikijs/themes/-/themes-1.26.2.tgz. Extracting by manifest.
950 silly tarball no local data for @types/unist@https://registry.npmjs.org/@types/unist/-/unist-2.0.6.tgz. Extracting by manifest.
951 silly tarball no local data for @types/yargs-parser@https://registry.npmjs.org/@types/yargs-parser/-/yargs-parser-21.0.0.tgz. Extracting by manifest.
952 silly tarball no local data for @types/ms@https://registry.npmjs.org/@types/ms/-/ms-0.7.34.tgz. Extracting by manifest.
953 silly tarball no local data for @types/mathjax@https://registry.npmjs.org/@types/mathjax/-/mathjax-0.0.40.tgz. Extracting by manifest.
954 silly tarball no local data for @types/mdast@https://registry.npmjs.org/@types/mdast/-/mdast-4.0.3.tgz. Extracting by manifest.
955 silly tarball no local data for @types/nlcst@https://registry.npmjs.org/@types/nlcst/-/nlcst-2.0.3.tgz. Extracting by manifest.
956 silly tarball no local data for @types/katex@https://registry.npmjs.org/@types/katex/-/katex-0.16.7.tgz. Extracting by manifest.
957 silly tarball no local data for @shuding/opentype.js@https://registry.npmjs.org/@shuding/opentype.js/-/opentype.js-1.4.0-beta.0.tgz. Extracting by manifest.
958 silly tarball no local data for @types/geojson@https://registry.npmjs.org/@types/geojson/-/geojson-7946.0.10.tgz. Extracting by manifest.
959 silly tarball no local data for @types/estree-jsx@https://registry.npmjs.org/@types/estree-jsx/-/estree-jsx-1.0.3.tgz. Extracting by manifest.
960 silly tarball no local data for @types/earcut@https://registry.npmjs.org/@types/earcut/-/earcut-3.0.0.tgz. Extracting by manifest.
961 silly tarball no local data for @types/estree@https://registry.npmjs.org/@types/estree/-/estree-1.0.5.tgz. Extracting by manifest.
962 silly tarball no local data for @types/d3-zoom@https://registry.npmjs.org/@types/d3-zoom/-/d3-zoom-3.0.3.tgz. Extracting by manifest.
963 silly tarball no local data for @types/d3-transition@https://registry.npmjs.org/@types/d3-transition/-/d3-transition-3.0.3.tgz. Extracting by manifest.
964 silly tarball no local data for @types/d3-timer@https://registry.npmjs.org/@types/d3-timer/-/d3-timer-3.0.0.tgz. Extracting by manifest.
965 silly tarball no local data for @types/d3-time-format@https://registry.npmjs.org/@types/d3-time-format/-/d3-time-format-4.0.0.tgz. Extracting by manifest.
966 silly tarball no local data for @types/d3-selection@https://registry.npmjs.org/@types/d3-selection/-/d3-selection-3.0.5.tgz. Extracting by manifest.
967 silly tarball no local data for @types/debug@https://registry.npmjs.org/@types/debug/-/debug-4.1.12.tgz. Extracting by manifest.
968 silly tarball no local data for @types/d3-time@https://registry.npmjs.org/@types/d3-time/-/d3-time-3.0.0.tgz. Extracting by manifest.
969 silly tarball no local data for @types/d3-shape@https://registry.npmjs.org/@types/d3-shape/-/d3-shape-3.1.1.tgz. Extracting by manifest.
970 silly tarball no local data for @types/d3-random@https://registry.npmjs.org/@types/d3-random/-/d3-random-3.0.1.tgz. Extracting by manifest.
971 silly tarball no local data for @types/d3-scale-chromatic@https://registry.npmjs.org/@types/d3-scale-chromatic/-/d3-scale-chromatic-3.0.0.tgz. Extracting by manifest.
972 silly tarball no local data for @types/d3-quadtree@https://registry.npmjs.org/@types/d3-quadtree/-/d3-quadtree-3.0.2.tgz. Extracting by manifest.
973 silly tarball no local data for @types/d3-scale@https://registry.npmjs.org/@types/d3-scale/-/d3-scale-4.0.3.tgz. Extracting by manifest.
974 silly tarball no local data for @types/d3-interpolate@https://registry.npmjs.org/@types/d3-interpolate/-/d3-interpolate-3.0.1.tgz. Extracting by manifest.
975 silly tarball no local data for @types/d3-polygon@https://registry.npmjs.org/@types/d3-polygon/-/d3-polygon-3.0.0.tgz. Extracting by manifest.
976 silly tarball no local data for @types/d3-hierarchy@https://registry.npmjs.org/@types/d3-hierarchy/-/d3-hierarchy-3.1.2.tgz. Extracting by manifest.
977 silly tarball no local data for @types/d3-geo@https://registry.npmjs.org/@types/d3-geo/-/d3-geo-3.0.3.tgz. Extracting by manifest.
978 silly tarball no local data for @types/d3-force@https://registry.npmjs.org/@types/d3-force/-/d3-force-3.0.4.tgz. Extracting by manifest.
979 silly tarball no local data for @types/d3-fetch@https://registry.npmjs.org/@types/d3-fetch/-/d3-fetch-3.0.2.tgz. Extracting by manifest.
980 silly tarball no local data for @types/d3-path@https://registry.npmjs.org/@types/d3-path/-/d3-path-3.0.0.tgz. Extracting by manifest.
981 silly tarball no local data for @types/d3-format@https://registry.npmjs.org/@types/d3-format/-/d3-format-3.0.1.tgz. Extracting by manifest.
982 silly tarball no local data for @types/d3-drag@https://registry.npmjs.org/@types/d3-drag/-/d3-drag-3.0.2.tgz. Extracting by manifest.
983 silly tarball no local data for @types/d3-delaunay@https://registry.npmjs.org/@types/d3-delaunay/-/d3-delaunay-6.0.1.tgz. Extracting by manifest.
984 silly tarball no local data for @types/d3-ease@https://registry.npmjs.org/@types/d3-ease/-/d3-ease-3.0.0.tgz. Extracting by manifest.
985 silly tarball no local data for @types/d3-dispatch@https://registry.npmjs.org/@types/d3-dispatch/-/d3-dispatch-3.0.2.tgz. Extracting by manifest.
986 silly tarball no local data for @types/d3-color@https://registry.npmjs.org/@types/d3-color/-/d3-color-3.1.0.tgz. Extracting by manifest.
987 silly tarball no local data for @types/d3-chord@https://registry.npmjs.org/@types/d3-chord/-/d3-chord-3.0.2.tgz. Extracting by manifest.
988 silly tarball no local data for @types/d3-contour@https://registry.npmjs.org/@types/d3-contour/-/d3-contour-3.0.2.tgz. Extracting by manifest.
989 silly tarball no local data for @types/d3-brush@https://registry.npmjs.org/@types/d3-brush/-/d3-brush-3.0.2.tgz. Extracting by manifest.
990 silly tarball no local data for @types/d3-axis@https://registry.npmjs.org/@types/d3-axis/-/d3-axis-3.0.2.tgz. Extracting by manifest.
991 silly tarball no local data for @types/d3-dsv@https://registry.npmjs.org/@types/d3-dsv/-/d3-dsv-3.0.1.tgz. Extracting by manifest.
992 silly tarball no local data for @types/css-font-loading-module@https://registry.npmjs.org/@types/css-font-loading-module/-/css-font-loading-module-0.0.12.tgz. Extracting by manifest.
993 silly tarball no local data for @types/d3-array@https://registry.npmjs.org/@types/d3-array/-/d3-array-3.0.5.tgz. Extracting by manifest.
994 silly tarball no local data for @sindresorhus/merge-streams@https://registry.npmjs.org/@sindresorhus/merge-streams/-/merge-streams-4.0.0.tgz. Extracting by manifest.
995 silly tarball no local data for @parcel/watcher@https://registry.npmjs.org/@parcel/watcher/-/watcher-2.5.4.tgz. Extracting by manifest.
996 silly tarball no local data for @pixi/colord@https://registry.npmjs.org/@pixi/colord/-/colord-2.9.6.tgz. Extracting by manifest.
997 silly tarball no local data for @nodelib/fs.walk@https://registry.npmjs.org/@nodelib/fs.walk/-/fs.walk-1.2.8.tgz. Extracting by manifest.
998 silly tarball no local data for @nodelib/fs.scandir@https://registry.npmjs.org/@nodelib/fs.scandir/-/fs.scandir-2.1.5.tgz. Extracting by manifest.
999 silly tarball no local data for @nodelib/fs.stat@https://registry.npmjs.org/@nodelib/fs.stat/-/fs.stat-2.0.5.tgz. Extracting by manifest.
1000 silly tarball no local data for @napi-rs/simple-git-darwin-arm64@https://registry.npmjs.org/@napi-rs/simple-git-darwin-arm64/-/simple-git-darwin-arm64-0.1.22.tgz. Extracting by manifest.
1001 silly tarball no local data for @myriaddreamin/typst-ts-node-compiler-darwin-arm64@https://registry.npmjs.org/@myriaddreamin/typst-ts-node-compiler-darwin-arm64/-/typst-ts-node-compiler-darwin-arm64-0.6.0.tgz. Extracting by manifest.
1002 silly tarball no local data for @img/sharp-darwin-arm64@https://registry.npmjs.org/@img/sharp-darwin-arm64/-/sharp-darwin-arm64-0.34.5.tgz. Extracting by manifest.
1003 silly tarball no local data for @parcel/watcher-darwin-arm64@https://registry.npmjs.org/@parcel/watcher-darwin-arm64/-/watcher-darwin-arm64-2.5.4.tgz. Extracting by manifest.
1004 silly tarball no local data for @myriaddreamin/typst-ts-node-compiler@https://registry.npmjs.org/@myriaddreamin/typst-ts-node-compiler/-/typst-ts-node-compiler-0.6.0.tgz. Extracting by manifest.
1005 silly tarball no local data for @isaacs/brace-expansion@https://registry.npmjs.org/@isaacs/brace-expansion/-/brace-expansion-5.0.0.tgz. Extracting by manifest.
1006 silly tarball no local data for @isaacs/balanced-match@https://registry.npmjs.org/@isaacs/balanced-match/-/balanced-match-4.0.1.tgz. Extracting by manifest.
1007 silly tarball no local data for @img/colour@https://registry.npmjs.org/@img/colour/-/colour-1.0.0.tgz. Extracting by manifest.
1008 silly tarball no local data for @floating-ui/utils@https://registry.npmjs.org/@floating-ui/utils/-/utils-0.2.10.tgz. Extracting by manifest.
1009 silly tarball no local data for @floating-ui/core@https://registry.npmjs.org/@floating-ui/core/-/core-1.7.3.tgz. Extracting by manifest.
1010 silly tarball no local data for @img/sharp-libvips-darwin-arm64@https://registry.npmjs.org/@img/sharp-libvips-darwin-arm64/-/sharp-libvips-darwin-arm64-1.2.4.tgz. Extracting by manifest.
1011 silly tarball no local data for @esbuild/darwin-arm64@https://registry.npmjs.org/@esbuild/darwin-arm64/-/darwin-arm64-0.27.2.tgz. Extracting by manifest.
1012 silly tarball no local data for @clack/core@https://registry.npmjs.org/@clack/core/-/core-0.5.0.tgz. Extracting by manifest.
1013 silly tarball no local data for @citation-js/name@https://registry.npmjs.org/@citation-js/name/-/name-0.4.2.tgz. Extracting by manifest.
1014 silly tarball no local data for @citation-js/plugin-bibtex@https://registry.npmjs.org/@citation-js/plugin-bibtex/-/plugin-bibtex-0.7.14.tgz. Extracting by manifest.
1015 silly tarball no local data for @citation-js/plugin-bibjson@https://registry.npmjs.org/@citation-js/plugin-bibjson/-/plugin-bibjson-0.7.14.tgz. Extracting by manifest.
1016 silly tarball no local data for @citation-js/date@https://registry.npmjs.org/@citation-js/date/-/date-0.5.1.tgz. Extracting by manifest.
1017 silly tarball no local data for @citation-js/core@https://registry.npmjs.org/@citation-js/core/-/core-0.7.14.tgz. Extracting by manifest.
1018 silly tarball no local data for zwitch@https://registry.npmjs.org/zwitch/-/zwitch-2.0.4.tgz. Extracting by manifest.
1019 silly tarball no local data for yoga-layout@https://registry.npmjs.org/yoga-layout/-/yoga-layout-3.2.1.tgz. Extracting by manifest.
1020 silly tarball no local data for @citation-js/plugin-csl@https://registry.npmjs.org/@citation-js/plugin-csl/-/plugin-csl-0.7.14.tgz. Extracting by manifest.
1021 silly tarball no local data for @bufbuild/protobuf@https://registry.npmjs.org/@bufbuild/protobuf/-/protobuf-2.10.2.tgz. Extracting by manifest.
1022 silly tarball no local data for xmldom-sre@https://registry.npmjs.org/xmldom-sre/-/xmldom-sre-0.1.31.tgz. Extracting by manifest.
1023 silly tarball no local data for yargs-parser@https://registry.npmjs.org/yargs-parser/-/yargs-parser-22.0.0.tgz. Extracting by manifest.
1024 silly tarball no local data for wicked-good-xpath@https://registry.npmjs.org/wicked-good-xpath/-/wicked-good-xpath-1.3.0.tgz. Extracting by manifest.
1025 silly tarball no local data for vfile-location@https://registry.npmjs.org/vfile-location/-/vfile-location-5.0.2.tgz. Extracting by manifest.
1026 silly tarball no local data for y18n@https://registry.npmjs.org/y18n/-/y18n-5.0.8.tgz. Extracting by manifest.
1027 silly tarball no local data for varint@https://registry.npmjs.org/varint/-/varint-6.0.0.tgz. Extracting by manifest.
1028 silly tarball no local data for unist-util-visit-children@https://registry.npmjs.org/unist-util-visit-children/-/unist-util-visit-children-3.0.0.tgz. Extracting by manifest.
1029 silly tarball no local data for unist-util-remove-position@https://registry.npmjs.org/unist-util-remove-position/-/unist-util-remove-position-5.0.0.tgz. Extracting by manifest.
1030 silly tarball no local data for wrap-ansi@https://registry.npmjs.org/wrap-ansi/-/wrap-ansi-9.0.0.tgz. Extracting by manifest.
1031 silly tarball no local data for unist-util-position@https://registry.npmjs.org/unist-util-position/-/unist-util-position-5.0.0.tgz. Extracting by manifest.
1032 silly tarball no local data for unist-util-modify-children@https://registry.npmjs.org/unist-util-modify-children/-/unist-util-modify-children-4.0.0.tgz. Extracting by manifest.
1033 silly tarball no local data for unicode-trie@https://registry.npmjs.org/unicode-trie/-/unicode-trie-2.0.0.tgz. Extracting by manifest.
1034 silly tarball no local data for web-namespaces@https://registry.npmjs.org/web-namespaces/-/web-namespaces-2.0.1.tgz. Extracting by manifest.
1035 silly tarball no local data for unist-util-is@https://registry.npmjs.org/unist-util-is/-/unist-util-is-6.0.0.tgz. Extracting by manifest.
1036 silly tarball no local data for unicorn-magic@https://registry.npmjs.org/unicorn-magic/-/unicorn-magic-0.4.0.tgz. Extracting by manifest.
1037 silly tarball no local data for tslib@https://registry.npmjs.org/tslib/-/tslib-2.6.2.tgz. Extracting by manifest.
1038 silly tarball no local data for undici-types@https://registry.npmjs.org/undici-types/-/undici-types-7.16.0.tgz. Extracting by manifest.
1039 silly tarball no local data for unist-util-find-after@https://registry.npmjs.org/unist-util-find-after/-/unist-util-find-after-5.0.0.tgz. Extracting by manifest.
1040 silly tarball no local data for trim-lines@https://registry.npmjs.org/trim-lines/-/trim-lines-3.0.1.tgz. Extracting by manifest.
1041 silly tarball no local data for to-regex-range@https://registry.npmjs.org/to-regex-range/-/to-regex-range-5.0.1.tgz. Extracting by manifest.
1042 silly tarball no local data for unist-util-visit-parents@https://registry.npmjs.org/unist-util-visit-parents/-/unist-util-visit-parents-6.0.1.tgz. Extracting by manifest.
1043 silly tarball no local data for trough@https://registry.npmjs.org/trough/-/trough-2.1.0.tgz. Extracting by manifest.
1044 silly tarball no local data for sync-message-port@https://registry.npmjs.org/sync-message-port/-/sync-message-port-1.1.3.tgz. Extracting by manifest.
1045 silly tarball no local data for tiny-lru@https://registry.npmjs.org/tiny-lru/-/tiny-lru-11.4.5.tgz. Extracting by manifest.
1046 silly tarball no local data for sync-fetch@https://registry.npmjs.org/sync-fetch/-/sync-fetch-0.4.5.tgz. Extracting by manifest.
1047 silly tarball no local data for tiny-inflate@https://registry.npmjs.org/tiny-inflate/-/tiny-inflate-1.0.3.tgz. Extracting by manifest.
1048 silly tarball no local data for style-to-object@https://registry.npmjs.org/style-to-object/-/style-to-object-1.0.8.tgz. Extracting by manifest.
1049 silly tarball no local data for supports-color@https://registry.npmjs.org/supports-color/-/supports-color-8.1.1.tgz. Extracting by manifest.
1050 silly tarball no local data for style-to-js@https://registry.npmjs.org/style-to-js/-/style-to-js-1.1.16.tgz. Extracting by manifest.
1051 silly tarball no local data for stringify-entities@https://registry.npmjs.org/stringify-entities/-/stringify-entities-4.0.3.tgz. Extracting by manifest.
1052 silly tarball no local data for supports-preserve-symlinks-flag@https://registry.npmjs.org/supports-preserve-symlinks-flag/-/supports-preserve-symlinks-flag-1.0.0.tgz. Extracting by manifest.
1053 silly tarball no local data for strip-ansi@https://registry.npmjs.org/strip-ansi/-/strip-ansi-7.1.0.tgz. Extracting by manifest.
1054 silly tarball no local data for sync-child-process@https://registry.npmjs.org/sync-child-process/-/sync-child-process-1.0.2.tgz. Extracting by manifest.
1055 silly tarball no local data for string.prototype.codepointat@https://registry.npmjs.org/string.prototype.codepointat/-/string.prototype.codepointat-0.2.1.tgz. Extracting by manifest.
1056 silly tarball no local data for strip-bom-string@https://registry.npmjs.org/strip-bom-string/-/strip-bom-string-1.0.0.tgz. Extracting by manifest.
1057 silly tarball no local data for sprintf-js@https://registry.npmjs.org/sprintf-js/-/sprintf-js-1.0.3.tgz. Extracting by manifest.
1058 silly tarball no local data for source-map-js@https://registry.npmjs.org/source-map-js/-/source-map-js-1.2.1.tgz. Extracting by manifest.
1059 silly tarball no local data for space-separated-tokens@https://registry.npmjs.org/space-separated-tokens/-/space-separated-tokens-2.0.2.tgz. Extracting by manifest.
1060 silly tarball no local data for slash@https://registry.npmjs.org/slash/-/slash-5.1.0.tgz. Extracting by manifest.
1061 silly tarball no local data for speech-rule-engine@https://registry.npmjs.org/speech-rule-engine/-/speech-rule-engine-4.0.7.tgz. Extracting by manifest.
1062 silly tarball no local data for source-map@https://registry.npmjs.org/source-map/-/source-map-0.6.1.tgz. Extracting by manifest.
1063 silly tarball no local data for semver@https://registry.npmjs.org/semver/-/semver-7.7.3.tgz. Extracting by manifest.
1064 silly tarball no local data for section-matter@https://registry.npmjs.org/section-matter/-/section-matter-1.0.0.tgz. Extracting by manifest.
1065 silly tarball no local data for string-width@https://registry.npmjs.org/string-width/-/string-width-7.2.0.tgz. Extracting by manifest.
1066 silly tarball no local data for sass-embedded@https://registry.npmjs.org/sass-embedded/-/sass-embedded-1.97.2.tgz. Extracting by manifest.
1067 silly tarball no local data for safer-buffer@https://registry.npmjs.org/safer-buffer/-/safer-buffer-2.1.2.tgz. Extracting by manifest.
1068 silly tarball no local data for run-parallel@https://registry.npmjs.org/run-parallel/-/run-parallel-1.2.0.tgz. Extracting by manifest.
1069 silly tarball no local data for sisteransi@https://registry.npmjs.org/sisteransi/-/sisteransi-1.0.5.tgz. Extracting by manifest.
1070 silly tarball no local data for sass@https://registry.npmjs.org/sass/-/sass-1.97.2.tgz. Extracting by manifest.
1071 silly tarball no local data for rw@https://registry.npmjs.org/rw/-/rw-1.3.3.tgz. Extracting by manifest.
1072 silly tarball no local data for rxjs@https://registry.npmjs.org/rxjs/-/rxjs-7.8.2.tgz. Extracting by manifest.
1073 silly tarball no local data for sass-embedded-darwin-arm64@https://registry.npmjs.org/sass-embedded-darwin-arm64/-/sass-embedded-darwin-arm64-1.97.2.tgz. Extracting by manifest.
1074 silly tarball no local data for reusify@https://registry.npmjs.org/reusify/-/reusify-1.0.4.tgz. Extracting by manifest.
1075 silly tarball no local data for robust-predicates@https://registry.npmjs.org/robust-predicates/-/robust-predicates-3.0.2.tgz. Extracting by manifest.
1076 silly tarball no local data for retext@https://registry.npmjs.org/retext/-/retext-9.0.0.tgz. Extracting by manifest.
1077 silly tarball no local data for retext-stringify@https://registry.npmjs.org/retext-stringify/-/retext-stringify-4.0.0.tgz. Extracting by manifest.
1078 silly tarball no local data for retext-smartypants@https://registry.npmjs.org/retext-smartypants/-/retext-smartypants-6.1.0.tgz. Extracting by manifest.
1079 silly tarball no local data for resolve@https://registry.npmjs.org/resolve/-/resolve-1.22.11.tgz. Extracting by manifest.
1080 silly tarball no local data for resolve-pkg-maps@https://registry.npmjs.org/resolve-pkg-maps/-/resolve-pkg-maps-1.0.0.tgz. Extracting by manifest.
1081 silly tarball no local data for retext-latin@https://registry.npmjs.org/retext-latin/-/retext-latin-4.0.0.tgz. Extracting by manifest.
1082 silly tarball no local data for remark-stringify@https://registry.npmjs.org/remark-stringify/-/remark-stringify-11.0.0.tgz. Extracting by manifest.
1083 silly tarball no local data for regex-utilities@https://registry.npmjs.org/regex-utilities/-/regex-utilities-2.3.0.tgz. Extracting by manifest.
1084 silly tarball no local data for rehype-parse@https://registry.npmjs.org/rehype-parse/-/rehype-parse-9.0.0.tgz. Extracting by manifest.
1085 silly tarball no local data for regex-recursion@https://registry.npmjs.org/regex-recursion/-/regex-recursion-5.1.1.tgz. Extracting by manifest.
1086 silly tarball no local data for regex@https://registry.npmjs.org/regex/-/regex-5.1.1.tgz. Extracting by manifest.
1087 silly tarball no local data for range-parser@https://registry.npmjs.org/range-parser/-/range-parser-1.2.0.tgz. Extracting by manifest.
1088 silly tarball no local data for queue-microtask@https://registry.npmjs.org/queue-microtask/-/queue-microtask-1.2.3.tgz. Extracting by manifest.
1089 silly tarball no local data for property-information@https://registry.npmjs.org/property-information/-/property-information-6.2.0.tgz. Extracting by manifest.
1090 silly tarball no local data for readdirp@https://registry.npmjs.org/readdirp/-/readdirp-5.0.0.tgz. Extracting by manifest.
1091 silly tarball no local data for picomatch@https://registry.npmjs.org/picomatch/-/picomatch-2.3.1.tgz. Extracting by manifest.
1092 silly tarball no local data for postcss-value-parser@https://registry.npmjs.org/postcss-value-parser/-/postcss-value-parser-4.2.0.tgz. Extracting by manifest.
1093 silly tarball no local data for picocolors@https://registry.npmjs.org/picocolors/-/picocolors-1.1.1.tgz. Extracting by manifest.
1094 silly tarball no local data for path-is-inside@https://registry.npmjs.org/path-is-inside/-/path-is-inside-1.0.2.tgz. Extracting by manifest.
1095 silly tarball no local data for path-to-regexp@https://registry.npmjs.org/path-to-regexp/-/path-to-regexp-3.3.0.tgz. Extracting by manifest.
1096 silly tarball no local data for parse5@https://registry.npmjs.org/parse5/-/parse5-7.1.2.tgz. Extracting by manifest.
1097 silly tarball no local data for parse-svg-path@https://registry.npmjs.org/parse-svg-path/-/parse-svg-path-0.1.2.tgz. Extracting by manifest.
1098 silly tarball no local data for parse-numeric-range@https://registry.npmjs.org/parse-numeric-range/-/parse-numeric-range-1.3.0.tgz. Extracting by manifest.
1099 silly tarball no local data for path-parse@https://registry.npmjs.org/path-parse/-/path-parse-1.0.7.tgz. Extracting by manifest.
1100 silly tarball no local data for parse-latin@https://registry.npmjs.org/parse-latin/-/parse-latin-7.0.0.tgz. Extracting by manifest.
1101 silly tarball no local data for parse-entities@https://registry.npmjs.org/parse-entities/-/parse-entities-4.0.1.tgz. Extracting by manifest.
1102 silly tarball no local data for parse-css-color@https://registry.npmjs.org/parse-css-color/-/parse-css-color-0.2.1.tgz. Extracting by manifest.
1103 silly tarball no local data for pako@https://registry.npmjs.org/pako/-/pako-0.2.9.tgz. Extracting by manifest.
1104 silly tarball no local data for node-fetch@https://registry.npmjs.org/node-fetch/-/node-fetch-2.7.0.tgz. Extracting by manifest.
1105 silly tarball no local data for node-addon-api@https://registry.npmjs.org/node-addon-api/-/node-addon-api-7.1.1.tgz. Extracting by manifest.
1106 silly tarball no local data for ms@https://registry.npmjs.org/ms/-/ms-2.1.3.tgz. Extracting by manifest.
1107 silly tarball no local data for nlcst-to-string@https://registry.npmjs.org/nlcst-to-string/-/nlcst-to-string-4.0.0.tgz. Extracting by manifest.
1108 silly tarball no local data for oniguruma-to-es@https://registry.npmjs.org/oniguruma-to-es/-/oniguruma-to-es-1.0.0.tgz. Extracting by manifest.
1109 silly tarball no local data for moo@https://registry.npmjs.org/moo/-/moo-0.5.2.tgz. Extracting by manifest.
1110 silly tarball no local data for mime-types@https://registry.npmjs.org/mime-types/-/mime-types-2.1.18.tgz. Extracting by manifest.
1111 silly tarball no local data for micromatch@https://registry.npmjs.org/micromatch/-/micromatch-4.0.8.tgz. Extracting by manifest.
1112 silly tarball no local data for mj-context-menu@https://registry.npmjs.org/mj-context-menu/-/mj-context-menu-0.6.1.tgz. Extracting by manifest.
1113 silly tarball no local data for micromark-util-types@https://registry.npmjs.org/micromark-util-types/-/micromark-util-types-2.0.0.tgz. Extracting by manifest.
1114 silly tarball no local data for mime-db@https://registry.npmjs.org/mime-db/-/mime-db-1.33.0.tgz. Extracting by manifest.
1115 silly tarball no local data for micromark-util-symbol@https://registry.npmjs.org/micromark-util-symbol/-/micromark-util-symbol-2.0.0.tgz. Extracting by manifest.
1116 silly tarball no local data for micromark-util-subtokenize@https://registry.npmjs.org/micromark-util-subtokenize/-/micromark-util-subtokenize-2.0.0.tgz. Extracting by manifest.
1117 silly tarball no local data for micromark-util-encode@https://registry.npmjs.org/micromark-util-encode/-/micromark-util-encode-2.0.0.tgz. Extracting by manifest.
1118 silly tarball no local data for micromark-util-normalize-identifier@https://registry.npmjs.org/micromark-util-normalize-identifier/-/micromark-util-normalize-identifier-2.0.0.tgz. Extracting by manifest.
1119 silly tarball no local data for micromark-util-html-tag-name@https://registry.npmjs.org/micromark-util-html-tag-name/-/micromark-util-html-tag-name-2.0.0.tgz. Extracting by manifest.
1120 silly tarball no local data for micromark-util-resolve-all@https://registry.npmjs.org/micromark-util-resolve-all/-/micromark-util-resolve-all-2.0.0.tgz. Extracting by manifest.
1121 silly tarball no local data for micromark-util-decode-string@https://registry.npmjs.org/micromark-util-decode-string/-/micromark-util-decode-string-2.0.0.tgz. Extracting by manifest.
1122 silly tarball no local data for micromark-util-sanitize-uri@https://registry.npmjs.org/micromark-util-sanitize-uri/-/micromark-util-sanitize-uri-2.0.0.tgz. Extracting by manifest.
1123 silly tarball no local data for micromark-util-decode-numeric-character-reference@https://registry.npmjs.org/micromark-util-decode-numeric-character-reference/-/micromark-util-decode-numeric-character-reference-2.0.1.tgz. Extracting by manifest.
1124 silly tarball no local data for micromark-util-classify-character@https://registry.npmjs.org/micromark-util-classify-character/-/micromark-util-classify-character-2.0.0.tgz. Extracting by manifest.
1125 silly tarball no local data for micromark-util-chunked@https://registry.npmjs.org/micromark-util-chunked/-/micromark-util-chunked-2.0.0.tgz. Extracting by manifest.
1126 silly tarball no local data for micromark-util-combine-extensions@https://registry.npmjs.org/micromark-util-combine-extensions/-/micromark-util-combine-extensions-2.0.0.tgz. Extracting by manifest.
1127 silly tarball no local data for micromark-factory-title@https://registry.npmjs.org/micromark-factory-title/-/micromark-factory-title-2.0.0.tgz. Extracting by manifest.
1128 silly tarball no local data for micromark-factory-whitespace@https://registry.npmjs.org/micromark-factory-whitespace/-/micromark-factory-whitespace-2.0.0.tgz. Extracting by manifest.
1129 silly tarball no local data for micromark-factory-space@https://registry.npmjs.org/micromark-factory-space/-/micromark-factory-space-2.0.0.tgz. Extracting by manifest.
1130 silly tarball no local data for micromark-factory-label@https://registry.npmjs.org/micromark-factory-label/-/micromark-factory-label-2.0.0.tgz. Extracting by manifest.
1131 silly tarball no local data for micromark-factory-destination@https://registry.npmjs.org/micromark-factory-destination/-/micromark-factory-destination-2.0.0.tgz. Extracting by manifest.
1132 silly tarball no local data for micromark-util-character@https://registry.npmjs.org/micromark-util-character/-/micromark-util-character-2.0.1.tgz. Extracting by manifest.
1133 silly tarball no local data for micromark-extension-math@https://registry.npmjs.org/micromark-extension-math/-/micromark-extension-math-3.0.0.tgz. Extracting by manifest.
1134 silly tarball no local data for micromark-extension-gfm-tagfilter@https://registry.npmjs.org/micromark-extension-gfm-tagfilter/-/micromark-extension-gfm-tagfilter-2.0.0.tgz. Extracting by manifest.
1135 silly tarball no local data for micromark-extension-gfm-task-list-item@https://registry.npmjs.org/micromark-extension-gfm-task-list-item/-/micromark-extension-gfm-task-list-item-2.0.1.tgz. Extracting by manifest.
1136 silly tarball no local data for micromark-extension-gfm-strikethrough@https://registry.npmjs.org/micromark-extension-gfm-strikethrough/-/micromark-extension-gfm-strikethrough-2.0.0.tgz. Extracting by manifest.
1137 silly tarball no local data for micromark-extension-gfm-autolink-literal@https://registry.npmjs.org/micromark-extension-gfm-autolink-literal/-/micromark-extension-gfm-autolink-literal-2.0.0.tgz. Extracting by manifest.
1138 silly tarball no local data for micromark-extension-gfm-table@https://registry.npmjs.org/micromark-extension-gfm-table/-/micromark-extension-gfm-table-2.0.0.tgz. Extracting by manifest.
1139 silly tarball no local data for micromark-extension-gfm-footnote@https://registry.npmjs.org/micromark-extension-gfm-footnote/-/micromark-extension-gfm-footnote-2.0.0.tgz. Extracting by manifest.
1140 silly tarball no local data for micromark-extension-gfm@https://registry.npmjs.org/micromark-extension-gfm/-/micromark-extension-gfm-3.0.0.tgz. Extracting by manifest.
1141 silly tarball no local data for micromark-extension-frontmatter@https://registry.npmjs.org/micromark-extension-frontmatter/-/micromark-extension-frontmatter-2.0.0.tgz. Extracting by manifest.
1142 silly tarball no local data for mhchemparser@https://registry.npmjs.org/mhchemparser/-/mhchemparser-4.2.1.tgz. Extracting by manifest.
1143 silly tarball no local data for merge2@https://registry.npmjs.org/merge2/-/merge2-1.4.1.tgz. Extracting by manifest.
1144 silly tarball no local data for micromark@https://registry.npmjs.org/micromark/-/micromark-4.0.0.tgz. Extracting by manifest.
1145 silly tarball no local data for micromark-core-commonmark@https://registry.npmjs.org/micromark-core-commonmark/-/micromark-core-commonmark-2.0.0.tgz. Extracting by manifest.
1146 silly tarball no local data for mdast-util-to-markdown@https://registry.npmjs.org/mdast-util-to-markdown/-/mdast-util-to-markdown-2.1.0.tgz. Extracting by manifest.
1147 silly tarball no local data for mdast-util-newline-to-break@https://registry.npmjs.org/mdast-util-newline-to-break/-/mdast-util-newline-to-break-2.0.0.tgz. Extracting by manifest.
1148 silly tarball no local data for mdast-util-mdxjs-esm@https://registry.npmjs.org/mdast-util-mdxjs-esm/-/mdast-util-mdxjs-esm-2.0.1.tgz. Extracting by manifest.
1149 silly tarball no local data for mdast-util-phrasing@https://registry.npmjs.org/mdast-util-phrasing/-/mdast-util-phrasing-4.0.0.tgz. Extracting by manifest.
1150 silly tarball no local data for mdast-util-mdx-jsx@https://registry.npmjs.org/mdast-util-mdx-jsx/-/mdast-util-mdx-jsx-3.0.0.tgz. Extracting by manifest.
1151 silly tarball no local data for mdast-util-mdx-expression@https://registry.npmjs.org/mdast-util-mdx-expression/-/mdast-util-mdx-expression-2.0.0.tgz. Extracting by manifest.
1152 silly tarball no local data for mdast-util-gfm-task-list-item@https://registry.npmjs.org/mdast-util-gfm-task-list-item/-/mdast-util-gfm-task-list-item-2.0.0.tgz. Extracting by manifest.
1153 silly tarball no local data for mdast-util-gfm-table@https://registry.npmjs.org/mdast-util-gfm-table/-/mdast-util-gfm-table-2.0.0.tgz. Extracting by manifest.
1154 silly tarball no local data for mdast-util-gfm-strikethrough@https://registry.npmjs.org/mdast-util-gfm-strikethrough/-/mdast-util-gfm-strikethrough-2.0.0.tgz. Extracting by manifest.
1155 silly tarball no local data for mdast-util-gfm-footnote@https://registry.npmjs.org/mdast-util-gfm-footnote/-/mdast-util-gfm-footnote-2.0.0.tgz. Extracting by manifest.
1156 silly tarball no local data for mdast-util-math@https://registry.npmjs.org/mdast-util-math/-/mdast-util-math-3.0.0.tgz. Extracting by manifest.
1157 silly tarball no local data for mdast-util-frontmatter@https://registry.npmjs.org/mdast-util-frontmatter/-/mdast-util-frontmatter-2.0.1.tgz. Extracting by manifest.
1158 silly tarball no local data for mdast-util-gfm@https://registry.npmjs.org/mdast-util-gfm/-/mdast-util-gfm-3.0.0.tgz. Extracting by manifest.
1159 silly tarball no local data for mdast-util-gfm-autolink-literal@https://registry.npmjs.org/mdast-util-gfm-autolink-literal/-/mdast-util-gfm-autolink-literal-2.0.0.tgz. Extracting by manifest.
1160 silly tarball no local data for mathjax-full@https://registry.npmjs.org/mathjax-full/-/mathjax-full-3.2.2.tgz. Extracting by manifest.
1161 silly tarball no local data for longest-streak@https://registry.npmjs.org/longest-streak/-/longest-streak-3.1.0.tgz. Extracting by manifest.
1162 silly tarball no local data for linebreak@https://registry.npmjs.org/linebreak/-/linebreak-1.1.0.tgz. Extracting by manifest.
1163 silly tarball no local data for markdown-table@https://registry.npmjs.org/markdown-table/-/markdown-table-3.0.3.tgz. Extracting by manifest.
1164 silly tarball no local data for lightningcss-darwin-arm64@https://registry.npmjs.org/lightningcss-darwin-arm64/-/lightningcss-darwin-arm64-1.31.1.tgz. Extracting by manifest.
1165 silly tarball no local data for kind-of@https://registry.npmjs.org/kind-of/-/kind-of-6.0.3.tgz. Extracting by manifest.
1166 silly tarball no local data for mdast-util-from-markdown@https://registry.npmjs.org/mdast-util-from-markdown/-/mdast-util-from-markdown-2.0.0.tgz. Extracting by manifest.
1167 silly tarball no local data for katex@https://registry.npmjs.org/katex/-/katex-0.16.21.tgz. Extracting by manifest.
1168 silly tarball no local data for js-binary-schema-parser@https://registry.npmjs.org/js-binary-schema-parser/-/js-binary-schema-parser-2.0.3.tgz. Extracting by manifest.
1169 silly tarball no local data for ismobilejs@https://registry.npmjs.org/ismobilejs/-/ismobilejs-1.1.1.tgz. Extracting by manifest.
1170 silly tarball no local data for is-path-inside@https://registry.npmjs.org/is-path-inside/-/is-path-inside-4.0.0.tgz. Extracting by manifest.
1171 silly tarball no local data for is-number@https://registry.npmjs.org/is-number/-/is-number-7.0.0.tgz. Extracting by manifest.
1172 silly tarball no local data for is-plain-obj@https://registry.npmjs.org/is-plain-obj/-/is-plain-obj-4.1.0.tgz. Extracting by manifest.
1173 silly tarball no local data for is-hexadecimal@https://registry.npmjs.org/is-hexadecimal/-/is-hexadecimal-2.0.1.tgz. Extracting by manifest.
1174 silly tarball no local data for is-glob@https://registry.npmjs.org/is-glob/-/is-glob-4.0.3.tgz. Extracting by manifest.
1175 silly tarball no local data for is-extglob@https://registry.npmjs.org/is-extglob/-/is-extglob-2.1.1.tgz. Extracting by manifest.
1176 silly tarball no local data for is-extendable@https://registry.npmjs.org/is-extendable/-/is-extendable-0.1.1.tgz. Extracting by manifest.
1177 silly tarball no local data for is-core-module@https://registry.npmjs.org/is-core-module/-/is-core-module-2.16.1.tgz. Extracting by manifest.
1178 silly tarball no local data for is-decimal@https://registry.npmjs.org/is-decimal/-/is-decimal-2.0.1.tgz. Extracting by manifest.
1179 silly tarball no local data for is-alphanumerical@https://registry.npmjs.org/is-alphanumerical/-/is-alphanumerical-2.0.1.tgz. Extracting by manifest.
1180 silly tarball no local data for is-alphabetical@https://registry.npmjs.org/is-alphabetical/-/is-alphabetical-2.0.1.tgz. Extracting by manifest.
1181 silly tarball no local data for internmap@https://registry.npmjs.org/internmap/-/internmap-2.0.3.tgz. Extracting by manifest.
1182 silly tarball no local data for immutable@https://registry.npmjs.org/immutable/-/immutable-5.1.4.tgz. Extracting by manifest.
1183 silly tarball no local data for ignore@https://registry.npmjs.org/ignore/-/ignore-7.0.5.tgz. Extracting by manifest.
1184 silly tarball no local data for inline-style-parser@https://registry.npmjs.org/inline-style-parser/-/inline-style-parser-0.2.4.tgz. Extracting by manifest.
1185 silly tarball no local data for ieee754@https://registry.npmjs.org/ieee754/-/ieee754-1.2.1.tgz. Extracting by manifest.
1186 silly tarball no local data for iconv-lite@https://registry.npmjs.org/iconv-lite/-/iconv-lite-0.6.3.tgz. Extracting by manifest.
1187 silly tarball no local data for hex-rgb@https://registry.npmjs.org/hex-rgb/-/hex-rgb-4.3.0.tgz. Extracting by manifest.
1188 silly tarball no local data for https-proxy-agent@https://registry.npmjs.org/https-proxy-agent/-/https-proxy-agent-7.0.2.tgz. Extracting by manifest.
1189 silly tarball no local data for html-void-elements@https://registry.npmjs.org/html-void-elements/-/html-void-elements-3.0.0.tgz. Extracting by manifest.
1190 silly tarball no local data for hastscript@https://registry.npmjs.org/hastscript/-/hastscript-8.0.0.tgz. Extracting by manifest.
1191 silly tarball no local data for hast-util-raw@https://registry.npmjs.org/hast-util-raw/-/hast-util-raw-9.0.1.tgz. Extracting by manifest.
1192 silly tarball no local data for hast-util-to-parse5@https://registry.npmjs.org/hast-util-to-parse5/-/hast-util-to-parse5-8.0.0.tgz. Extracting by manifest.
1193 silly tarball no local data for hast-util-to-text@https://registry.npmjs.org/hast-util-to-text/-/hast-util-to-text-4.0.0.tgz. Extracting by manifest.
1194 silly tarball no local data for hast-util-whitespace@https://registry.npmjs.org/hast-util-whitespace/-/hast-util-whitespace-3.0.0.tgz. Extracting by manifest.
1195 silly tarball no local data for hast-util-parse-selector@https://registry.npmjs.org/hast-util-parse-selector/-/hast-util-parse-selector-4.0.0.tgz. Extracting by manifest.
1196 silly tarball no local data for hast-util-is-element@https://registry.npmjs.org/hast-util-is-element/-/hast-util-is-element-3.0.0.tgz. Extracting by manifest.
1197 silly tarball no local data for hast-util-from-parse5@https://registry.npmjs.org/hast-util-from-parse5/-/hast-util-from-parse5-8.0.1.tgz. Extracting by manifest.
1198 silly tarball no local data for hast-util-from-html-isomorphic@https://registry.npmjs.org/hast-util-from-html-isomorphic/-/hast-util-from-html-isomorphic-2.0.0.tgz. Extracting by manifest.
1199 silly tarball no local data for hast-util-from-html@https://registry.npmjs.org/hast-util-from-html/-/hast-util-from-html-2.0.1.tgz. Extracting by manifest.
1200 silly tarball no local data for hast-util-heading-rank@https://registry.npmjs.org/hast-util-heading-rank/-/hast-util-heading-rank-3.0.0.tgz. Extracting by manifest.
1201 silly tarball no local data for hast-util-from-dom@https://registry.npmjs.org/hast-util-from-dom/-/hast-util-from-dom-5.0.0.tgz. Extracting by manifest.
1202 silly tarball no local data for hasown@https://registry.npmjs.org/hasown/-/hasown-2.0.2.tgz. Extracting by manifest.
1203 silly tarball no local data for get-tsconfig@https://registry.npmjs.org/get-tsconfig/-/get-tsconfig-4.7.5.tgz. Extracting by manifest.
1204 silly tarball no local data for gifuct-js@https://registry.npmjs.org/gifuct-js/-/gifuct-js-2.1.2.tgz. Extracting by manifest.
1205 silly tarball no local data for glob-parent@https://registry.npmjs.org/glob-parent/-/glob-parent-5.1.2.tgz. Extracting by manifest.
1206 silly tarball no local data for get-east-asian-width@https://registry.npmjs.org/get-east-asian-width/-/get-east-asian-width-1.3.0.tgz. Extracting by manifest.
1207 silly tarball no local data for get-caller-file@https://registry.npmjs.org/get-caller-file/-/get-caller-file-2.0.5.tgz. Extracting by manifest.
1208 silly tarball no local data for fsevents@https://registry.npmjs.org/fsevents/-/fsevents-2.3.3.tgz. Extracting by manifest.
1209 silly tarball no local data for has-flag@https://registry.npmjs.org/has-flag/-/has-flag-4.0.0.tgz. Extracting by manifest.
1210 silly tarball no local data for function-bind@https://registry.npmjs.org/function-bind/-/function-bind-1.1.2.tgz. Extracting by manifest.
1211 silly tarball no local data for fill-range@https://registry.npmjs.org/fill-range/-/fill-range-7.1.1.tgz. Extracting by manifest.
1212 silly tarball no local data for format@https://registry.npmjs.org/format/-/format-0.2.2.tgz. Extracting by manifest.
1213 silly tarball no local data for fflate@https://registry.npmjs.org/fflate/-/fflate-0.7.4.tgz. Extracting by manifest.
1214 silly tarball no local data for fetch-ponyfill@https://registry.npmjs.org/fetch-ponyfill/-/fetch-ponyfill-7.1.0.tgz. Extracting by manifest.
1215 silly tarball no local data for fault@https://registry.npmjs.org/fault/-/fault-2.0.1.tgz. Extracting by manifest.
1216 silly tarball no local data for fastq@https://registry.npmjs.org/fastq/-/fastq-1.19.0.tgz. Extracting by manifest.
1217 silly tarball no local data for fast-string-truncated-width@https://registry.npmjs.org/fast-string-truncated-width/-/fast-string-truncated-width-3.0.1.tgz. Extracting by manifest.
1218 silly tarball no local data for fast-glob@https://registry.npmjs.org/fast-glob/-/fast-glob-3.3.3.tgz. Extracting by manifest.
1219 silly tarball no local data for extend-shallow@https://registry.npmjs.org/extend-shallow/-/extend-shallow-2.0.1.tgz. Extracting by manifest.
1220 silly tarball no local data for extend@https://registry.npmjs.org/extend/-/extend-3.0.2.tgz. Extracting by manifest.
1221 silly tarball no local data for escape-string-regexp@https://registry.npmjs.org/escape-string-regexp/-/escape-string-regexp-5.0.0.tgz. Extracting by manifest.
1222 silly tarball no local data for esprima@https://registry.npmjs.org/esprima/-/esprima-4.0.1.tgz. Extracting by manifest.
1223 silly tarball no local data for eventemitter3@https://registry.npmjs.org/eventemitter3/-/eventemitter3-5.0.1.tgz. Extracting by manifest.
1224 silly tarball no local data for estree-util-is-identifier-name@https://registry.npmjs.org/estree-util-is-identifier-name/-/estree-util-is-identifier-name-3.0.0.tgz. Extracting by manifest.
1225 silly tarball no local data for esm@https://registry.npmjs.org/esm/-/esm-3.2.25.tgz. Extracting by manifest.
1226 silly tarball no local data for entities@https://registry.npmjs.org/entities/-/entities-4.5.0.tgz. Extracting by manifest.
1227 silly tarball no local data for escalade@https://registry.npmjs.org/escalade/-/escalade-3.1.1.tgz. Extracting by manifest.
1228 silly tarball no local data for emoji-regex-xs@https://registry.npmjs.org/emoji-regex-xs/-/emoji-regex-xs-1.0.0.tgz. Extracting by manifest.
1229 silly tarball no local data for escape-html@https://registry.npmjs.org/escape-html/-/escape-html-1.0.3.tgz. Extracting by manifest.
1230 silly tarball no local data for detect-libc@https://registry.npmjs.org/detect-libc/-/detect-libc-2.1.2.tgz. Extracting by manifest.
1231 silly tarball no local data for emoji-regex@https://registry.npmjs.org/emoji-regex/-/emoji-regex-10.4.0.tgz. Extracting by manifest.
1232 silly tarball no local data for dequal@https://registry.npmjs.org/dequal/-/dequal-2.0.3.tgz. Extracting by manifest.
1233 silly tarball no local data for devlop@https://registry.npmjs.org/devlop/-/devlop-1.1.0.tgz. Extracting by manifest.
1234 silly tarball no local data for debug@https://registry.npmjs.org/debug/-/debug-4.3.7.tgz. Extracting by manifest.
1235 silly tarball no local data for d3-time-format@https://registry.npmjs.org/d3-time-format/-/d3-time-format-4.1.0.tgz. Extracting by manifest.
1236 silly tarball no local data for decode-named-character-reference@https://registry.npmjs.org/decode-named-character-reference/-/decode-named-character-reference-1.0.2.tgz. Extracting by manifest.
1237 silly tarball no local data for d3-timer@https://registry.npmjs.org/d3-timer/-/d3-timer-3.0.1.tgz. Extracting by manifest.
1238 silly tarball no local data for earcut@https://registry.npmjs.org/earcut/-/earcut-3.0.2.tgz. Extracting by manifest.
1239 silly tarball no local data for delaunator@https://registry.npmjs.org/delaunator/-/delaunator-5.0.0.tgz. Extracting by manifest.
1240 silly tarball no local data for d3-time@https://registry.npmjs.org/d3-time/-/d3-time-3.1.0.tgz. Extracting by manifest.
1241 silly tarball no local data for d3-transition@https://registry.npmjs.org/d3-transition/-/d3-transition-3.0.1.tgz. Extracting by manifest.
1242 silly tarball no local data for d3-selection@https://registry.npmjs.org/d3-selection/-/d3-selection-3.0.0.tgz. Extracting by manifest.
1243 silly tarball no local data for d3-zoom@https://registry.npmjs.org/d3-zoom/-/d3-zoom-3.0.0.tgz. Extracting by manifest.
1244 silly tarball no local data for d3-shape@https://registry.npmjs.org/d3-shape/-/d3-shape-3.2.0.tgz. Extracting by manifest.
1245 silly tarball no local data for d3-scale@https://registry.npmjs.org/d3-scale/-/d3-scale-4.0.2.tgz. Extracting by manifest.
1246 silly tarball no local data for d3-scale-chromatic@https://registry.npmjs.org/d3-scale-chromatic/-/d3-scale-chromatic-3.0.0.tgz. Extracting by manifest.
1247 silly tarball no local data for d3-random@https://registry.npmjs.org/d3-random/-/d3-random-3.0.1.tgz. Extracting by manifest.
1248 silly tarball no local data for d3-quadtree@https://registry.npmjs.org/d3-quadtree/-/d3-quadtree-3.0.1.tgz. Extracting by manifest.
1249 silly tarball no local data for d3-interpolate@https://registry.npmjs.org/d3-interpolate/-/d3-interpolate-3.0.1.tgz. Extracting by manifest.
1250 silly tarball no local data for d3-hierarchy@https://registry.npmjs.org/d3-hierarchy/-/d3-hierarchy-3.1.2.tgz. Extracting by manifest.
1251 silly tarball no local data for d3-path@https://registry.npmjs.org/d3-path/-/d3-path-3.1.0.tgz. Extracting by manifest.
1252 silly tarball no local data for d3-polygon@https://registry.npmjs.org/d3-polygon/-/d3-polygon-3.0.1.tgz. Extracting by manifest.
1253 silly tarball no local data for d3-format@https://registry.npmjs.org/d3-format/-/d3-format-3.1.0.tgz. Extracting by manifest.
1254 silly tarball no local data for d3-force@https://registry.npmjs.org/d3-force/-/d3-force-3.0.0.tgz. Extracting by manifest.
1255 silly tarball no local data for d3-fetch@https://registry.npmjs.org/d3-fetch/-/d3-fetch-3.0.1.tgz. Extracting by manifest.
1256 silly tarball no local data for d3-dsv@https://registry.npmjs.org/d3-dsv/-/d3-dsv-3.0.1.tgz. Extracting by manifest.
1257 silly tarball no local data for d3-geo@https://registry.npmjs.org/d3-geo/-/d3-geo-3.1.0.tgz. Extracting by manifest.
1258 silly tarball no local data for d3-ease@https://registry.npmjs.org/d3-ease/-/d3-ease-3.0.1.tgz. Extracting by manifest.
1259 silly tarball no local data for d3-dispatch@https://registry.npmjs.org/d3-dispatch/-/d3-dispatch-3.0.1.tgz. Extracting by manifest.
1260 silly tarball no local data for d3-drag@https://registry.npmjs.org/d3-drag/-/d3-drag-3.0.0.tgz. Extracting by manifest.
1261 silly tarball no local data for d3-delaunay@https://registry.npmjs.org/d3-delaunay/-/d3-delaunay-6.0.4.tgz. Extracting by manifest.
1262 silly tarball no local data for d3-color@https://registry.npmjs.org/d3-color/-/d3-color-3.1.0.tgz. Extracting by manifest.
1263 silly tarball no local data for d3-contour@https://registry.npmjs.org/d3-contour/-/d3-contour-4.0.2.tgz. Extracting by manifest.
1264 silly tarball no local data for d3-chord@https://registry.npmjs.org/d3-chord/-/d3-chord-3.0.1.tgz. Extracting by manifest.
1265 silly tarball no local data for d3-brush@https://registry.npmjs.org/d3-brush/-/d3-brush-3.0.0.tgz. Extracting by manifest.
1266 silly tarball no local data for d3-array@https://registry.npmjs.org/d3-array/-/d3-array-3.2.4.tgz. Extracting by manifest.
1267 silly tarball no local data for d3-axis@https://registry.npmjs.org/d3-axis/-/d3-axis-3.0.0.tgz. Extracting by manifest.
1268 silly tarball no local data for css-to-react-native@https://registry.npmjs.org/css-to-react-native/-/css-to-react-native-3.2.0.tgz. Extracting by manifest.
1269 silly tarball no local data for css-gradient-parser@https://registry.npmjs.org/css-gradient-parser/-/css-gradient-parser-0.0.17.tgz. Extracting by manifest.
1270 silly tarball no local data for css-color-keywords@https://registry.npmjs.org/css-color-keywords/-/css-color-keywords-1.0.0.tgz. Extracting by manifest.
1271 silly tarball no local data for css-background-parser@https://registry.npmjs.org/css-background-parser/-/css-background-parser-0.1.0.tgz. Extracting by manifest.
1272 silly tarball no local data for css-box-shadow@https://registry.npmjs.org/css-box-shadow/-/css-box-shadow-1.0.0-3.tgz. Extracting by manifest.
1273 silly tarball no local data for cross-fetch@https://registry.npmjs.org/cross-fetch/-/cross-fetch-4.0.0.tgz. Extracting by manifest.
1274 silly tarball no local data for content-disposition@https://registry.npmjs.org/content-disposition/-/content-disposition-0.5.2.tgz. Extracting by manifest.
1275 silly tarball no local data for concat-map@https://registry.npmjs.org/concat-map/-/concat-map-0.0.1.tgz. Extracting by manifest.
1276 silly tarball no local data for comma-separated-tokens@https://registry.npmjs.org/comma-separated-tokens/-/comma-separated-tokens-2.0.3.tgz. Extracting by manifest.
1277 silly tarball no local data for commander@https://registry.npmjs.org/commander/-/commander-7.2.0.tgz. Extracting by manifest.
1278 silly tarball no local data for cliui@https://registry.npmjs.org/cliui/-/cliui-9.0.1.tgz. Extracting by manifest.
1279 silly tarball no local data for colorjs.io@https://registry.npmjs.org/colorjs.io/-/colorjs.io-0.5.2.tgz. Extracting by manifest.
1280 silly tarball no local data for color-name@https://registry.npmjs.org/color-name/-/color-name-1.1.4.tgz. Extracting by manifest.
1281 silly tarball no local data for citeproc@https://registry.npmjs.org/citeproc/-/citeproc-2.4.63.tgz. Extracting by manifest.
1282 silly tarball no local data for character-reference-invalid@https://registry.npmjs.org/character-reference-invalid/-/character-reference-invalid-2.0.1.tgz. Extracting by manifest.
1283 silly tarball no local data for character-entities-legacy@https://registry.npmjs.org/character-entities-legacy/-/character-entities-legacy-3.0.0.tgz. Extracting by manifest.
1284 silly tarball no local data for ccount@https://registry.npmjs.org/ccount/-/ccount-2.0.1.tgz. Extracting by manifest.
1285 silly tarball no local data for character-entities-html4@https://registry.npmjs.org/character-entities-html4/-/character-entities-html4-2.1.0.tgz. Extracting by manifest.
1286 silly tarball no local data for bytes@https://registry.npmjs.org/bytes/-/bytes-3.0.0.tgz. Extracting by manifest.
1287 silly tarball no local data for character-entities@https://registry.npmjs.org/character-entities/-/character-entities-2.0.2.tgz. Extracting by manifest.
1288 silly tarball no local data for camelize@https://registry.npmjs.org/camelize/-/camelize-1.0.1.tgz. Extracting by manifest.
1289 silly tarball no local data for buffer-from@https://registry.npmjs.org/buffer-from/-/buffer-from-1.1.2.tgz. Extracting by manifest.
1290 silly tarball no local data for buffer-builder@https://registry.npmjs.org/buffer-builder/-/buffer-builder-0.2.0.tgz. Extracting by manifest.
1291 silly tarball no local data for base64-js@https://registry.npmjs.org/base64-js/-/base64-js-1.5.1.tgz. Extracting by manifest.
1292 silly tarball no local data for balanced-match@https://registry.npmjs.org/balanced-match/-/balanced-match-1.0.2.tgz. Extracting by manifest.
1293 silly tarball no local data for braces@https://registry.npmjs.org/braces/-/braces-3.0.3.tgz. Extracting by manifest.
1294 silly tarball no local data for buffer@https://registry.npmjs.org/buffer/-/buffer-5.7.1.tgz. Extracting by manifest.
1295 silly tarball no local data for array-iterate@https://registry.npmjs.org/array-iterate/-/array-iterate-2.0.1.tgz. Extracting by manifest.
1296 silly tarball no local data for bail@https://registry.npmjs.org/bail/-/bail-2.0.2.tgz. Extracting by manifest.
1297 silly tarball no local data for ansi-styles@https://registry.npmjs.org/ansi-styles/-/ansi-styles-6.2.1.tgz. Extracting by manifest.
1298 silly tarball no local data for argparse@https://registry.npmjs.org/argparse/-/argparse-2.0.1.tgz. Extracting by manifest.
1299 silly tarball no local data for agent-base@https://registry.npmjs.org/agent-base/-/agent-base-7.1.0.tgz. Extracting by manifest.
1300 silly tarball no local data for ansi-regex@https://registry.npmjs.org/ansi-regex/-/ansi-regex-6.1.0.tgz. Extracting by manifest.
1301 silly tarball no local data for unist-util-stringify-position@https://registry.npmjs.org/unist-util-stringify-position/-/unist-util-stringify-position-4.0.0.tgz. Extracting by manifest.
1302 silly tarball no local data for vfile-message@https://registry.npmjs.org/vfile-message/-/vfile-message-4.0.2.tgz. Extracting by manifest.
1303 silly tarball no local data for minimatch@https://registry.npmjs.org/minimatch/-/minimatch-3.1.2.tgz. Extracting by manifest.
1304 silly tarball no local data for @types/unist@https://registry.npmjs.org/@types/unist/-/unist-3.0.2.tgz. Extracting by manifest.
1305 silly tarball no local data for brace-expansion@https://registry.npmjs.org/brace-expansion/-/brace-expansion-1.1.11.tgz. Extracting by manifest.
1306 silly tarball no local data for @types/unist@https://registry.npmjs.org/@types/unist/-/unist-3.0.2.tgz. Extracting by manifest.
1307 silly tarball no local data for @types/unist@https://registry.npmjs.org/@types/unist/-/unist-3.0.2.tgz. Extracting by manifest.
1308 silly tarball no local data for hastscript@https://registry.npmjs.org/hastscript/-/hastscript-9.0.0.tgz. Extracting by manifest.
1309 silly tarball no local data for property-information@https://registry.npmjs.org/property-information/-/property-information-7.0.0.tgz. Extracting by manifest.
1310 silly tarball no local data for vfile-message@https://registry.npmjs.org/vfile-message/-/vfile-message-4.0.2.tgz. Extracting by manifest.
1311 silly tarball no local data for @types/unist@https://registry.npmjs.org/@types/unist/-/unist-3.0.2.tgz. Extracting by manifest.
1312 silly tarball no local data for emoji-regex-xs@https://registry.npmjs.org/emoji-regex-xs/-/emoji-regex-xs-2.0.1.tgz. Extracting by manifest.
1313 silly tarball no local data for property-information@https://registry.npmjs.org/property-information/-/property-information-7.0.0.tgz. Extracting by manifest.
1314 silly tarball no local data for unist-util-stringify-position@https://registry.npmjs.org/unist-util-stringify-position/-/unist-util-stringify-position-4.0.0.tgz. Extracting by manifest.
1315 silly tarball no local data for argparse@https://registry.npmjs.org/argparse/-/argparse-1.0.10.tgz. Extracting by manifest.
1316 silly tarball no local data for picomatch@https://registry.npmjs.org/picomatch/-/picomatch-4.0.3.tgz. Extracting by manifest.
1317 silly tarball no local data for @types/unist@https://registry.npmjs.org/@types/unist/-/unist-3.0.2.tgz. Extracting by manifest.
1318 silly tarball no local data for js-yaml@https://registry.npmjs.org/js-yaml/-/js-yaml-3.14.1.tgz. Extracting by manifest.
1319 silly tarball no local data for @types/unist@https://registry.npmjs.org/@types/unist/-/unist-3.0.2.tgz. Extracting by manifest.
1320 silly tarball no local data for @types/unist@https://registry.npmjs.org/@types/unist/-/unist-3.0.2.tgz. Extracting by manifest.
1321 silly tarball no local data for @types/unist@https://registry.npmjs.org/@types/unist/-/unist-3.0.2.tgz. Extracting by manifest.
1322 silly tarball no local data for @types/unist@https://registry.npmjs.org/@types/unist/-/unist-3.0.3.tgz. Extracting by manifest.
1323 silly tarball no local data for @types/unist@https://registry.npmjs.org/@types/unist/-/unist-3.0.2.tgz. Extracting by manifest.
1324 silly tarball no local data for @types/unist@https://registry.npmjs.org/@types/unist/-/unist-3.0.2.tgz. Extracting by manifest.
1325 silly tarball no local data for @types/unist@https://registry.npmjs.org/@types/unist/-/unist-3.0.3.tgz. Extracting by manifest.
1326 silly tarball no local data for @types/unist@https://registry.npmjs.org/@types/unist/-/unist-3.0.2.tgz. Extracting by manifest.
1327 silly tarball no local data for commander@https://registry.npmjs.org/commander/-/commander-9.2.0.tgz. Extracting by manifest.
1328 silly tarball no local data for chokidar@https://registry.npmjs.org/chokidar/-/chokidar-4.0.3.tgz. Extracting by manifest.
1329 silly tarball no local data for readdirp@https://registry.npmjs.org/readdirp/-/readdirp-4.1.2.tgz. Extracting by manifest.
1330 silly tarball no local data for @types/unist@https://registry.npmjs.org/@types/unist/-/unist-3.0.2.tgz. Extracting by manifest.
1331 silly tarball no local data for webidl-conversions@https://registry.npmjs.org/webidl-conversions/-/webidl-conversions-3.0.1.tgz. Extracting by manifest.
1332 silly tarball no local data for @types/unist@https://registry.npmjs.org/@types/unist/-/unist-3.0.2.tgz. Extracting by manifest.
1333 silly tarball no local data for tr46@https://registry.npmjs.org/tr46/-/tr46-0.0.3.tgz. Extracting by manifest.
1334 silly tarball no local data for vfile-message@https://registry.npmjs.org/vfile-message/-/vfile-message-4.0.2.tgz. Extracting by manifest.
1335 silly tarball no local data for whatwg-url@https://registry.npmjs.org/whatwg-url/-/whatwg-url-5.0.0.tgz. Extracting by manifest.
1336 silly tarball no local data for unist-util-stringify-position@https://registry.npmjs.org/unist-util-stringify-position/-/unist-util-stringify-position-4.0.0.tgz. Extracting by manifest.
1337 silly tarball no local data for @types/unist@https://registry.npmjs.org/@types/unist/-/unist-3.0.2.tgz. Extracting by manifest.
1338 silly tarball no local data for @types/unist@https://registry.npmjs.org/@types/unist/-/unist-3.0.2.tgz. Extracting by manifest.
1339 silly tarball no local data for unist-util-stringify-position@https://registry.npmjs.org/unist-util-stringify-position/-/unist-util-stringify-position-4.0.0.tgz. Extracting by manifest.
1340 silly tarball no local data for commander@https://registry.npmjs.org/commander/-/commander-8.3.0.tgz. Extracting by manifest.
1341 silly tarball no local data for @types/unist@https://registry.npmjs.org/@types/unist/-/unist-3.0.2.tgz. Extracting by manifest.
1342 silly tarball no local data for @types/unist@https://registry.npmjs.org/@types/unist/-/unist-3.0.2.tgz. Extracting by manifest.
1343 silly tarball no local data for @types/unist@https://registry.npmjs.org/@types/unist/-/unist-3.0.2.tgz. Extracting by manifest.
1344 silly tarball no local data for @types/unist@https://registry.npmjs.org/@types/unist/-/unist-3.0.2.tgz. Extracting by manifest.
1345 silly tarball no local data for base64-js@https://registry.npmjs.org/base64-js/-/base64-js-0.0.8.tgz. Extracting by manifest.
1346 silly tarball no local data for webidl-conversions@https://registry.npmjs.org/webidl-conversions/-/webidl-conversions-3.0.1.tgz. Extracting by manifest.
1347 silly tarball no local data for unist-util-stringify-position@https://registry.npmjs.org/unist-util-stringify-position/-/unist-util-stringify-position-4.0.0.tgz. Extracting by manifest.
1348 silly tarball no local data for whatwg-url@https://registry.npmjs.org/whatwg-url/-/whatwg-url-5.0.0.tgz. Extracting by manifest.
1349 silly tarball no local data for vfile-message@https://registry.npmjs.org/vfile-message/-/vfile-message-4.0.2.tgz. Extracting by manifest.
1350 silly tarball no local data for node-fetch@https://registry.npmjs.org/node-fetch/-/node-fetch-2.6.13.tgz. Extracting by manifest.
1351 silly tarball no local data for tr46@https://registry.npmjs.org/tr46/-/tr46-0.0.3.tgz. Extracting by manifest.
1352 http fetch GET https://registry.npmjs.org/yargs/-/yargs-18.0.0.tgz attempt 1 failed with ENOTFOUND
1353 http fetch GET https://registry.npmjs.org/ws/-/ws-8.19.0.tgz attempt 1 failed with ENOTFOUND
1354 http fetch GET https://registry.npmjs.org/unist-util-visit/-/unist-util-visit-5.1.0.tgz attempt 1 failed with ENOTFOUND
1355 http fetch GET https://registry.npmjs.org/workerpool/-/workerpool-10.0.1.tgz attempt 1 failed with ENOTFOUND
1356 http fetch GET https://registry.npmjs.org/unified/-/unified-11.0.5.tgz attempt 1 failed with ENOTFOUND
1357 http fetch GET https://registry.npmjs.org/vfile/-/vfile-6.0.3.tgz attempt 1 failed with ENOTFOUND
1358 http fetch GET https://registry.npmjs.org/typescript/-/typescript-5.9.3.tgz attempt 1 failed with ENOTFOUND
1359 http fetch GET https://registry.npmjs.org/tsx/-/tsx-4.21.0.tgz attempt 1 failed with ENOTFOUND
1360 http fetch GET https://registry.npmjs.org/to-vfile/-/to-vfile-8.0.0.tgz attempt 1 failed with ENOTFOUND
1361 http fetch GET https://registry.npmjs.org/shiki/-/shiki-1.26.2.tgz attempt 1 failed with ENOTFOUND
1362 http fetch GET https://registry.npmjs.org/source-map-support/-/source-map-support-0.5.21.tgz attempt 1 failed with ENOTFOUND
1363 http fetch GET https://registry.npmjs.org/sharp/-/sharp-0.34.5.tgz attempt 1 failed with ENOTFOUND
1364 http fetch GET https://registry.npmjs.org/toml/-/toml-3.0.0.tgz attempt 1 failed with ENOTFOUND
1365 http fetch GET https://registry.npmjs.org/satori/-/satori-0.19.1.tgz attempt 1 failed with ENOTFOUND
1366 http fetch GET https://registry.npmjs.org/remark-smartypants/-/remark-smartypants-3.0.2.tgz attempt 1 failed with ENOTFOUND
1367 http fetch GET https://registry.npmjs.org/node-fetch/-/node-fetch-2.6.13.tgz attempt 1 failed with ENOTFOUND
1368 http fetch GET https://registry.npmjs.org/tr46/-/tr46-0.0.3.tgz attempt 1 failed with ENOTFOUND
1369 http fetch GET https://registry.npmjs.org/npm attempt 2 failed with ENOTFOUND
1370 http fetch GET https://registry.npmjs.org/yargs/-/yargs-18.0.0.tgz attempt 2 failed with ENOTFOUND
1371 http fetch GET https://registry.npmjs.org/ws/-/ws-8.19.0.tgz attempt 2 failed with ENOTFOUND
1372 http fetch GET https://registry.npmjs.org/unist-util-visit/-/unist-util-visit-5.1.0.tgz attempt 2 failed with ENOTFOUND
1373 http fetch GET https://registry.npmjs.org/workerpool/-/workerpool-10.0.1.tgz attempt 2 failed with ENOTFOUND
1374 http fetch GET https://registry.npmjs.org/unified/-/unified-11.0.5.tgz attempt 2 failed with ENOTFOUND
1375 http fetch GET https://registry.npmjs.org/vfile/-/vfile-6.0.3.tgz attempt 2 failed with ENOTFOUND
1376 http fetch GET https://registry.npmjs.org/typescript/-/typescript-5.9.3.tgz attempt 2 failed with ENOTFOUND
1377 http fetch GET https://registry.npmjs.org/tsx/-/tsx-4.21.0.tgz attempt 2 failed with ENOTFOUND
1378 http fetch GET https://registry.npmjs.org/to-vfile/-/to-vfile-8.0.0.tgz attempt 2 failed with ENOTFOUND
1379 http fetch GET https://registry.npmjs.org/shiki/-/shiki-1.26.2.tgz attempt 2 failed with ENOTFOUND
1380 http fetch GET https://registry.npmjs.org/source-map-support/-/source-map-support-0.5.21.tgz attempt 2 failed with ENOTFOUND
1381 http fetch GET https://registry.npmjs.org/sharp/-/sharp-0.34.5.tgz attempt 2 failed with ENOTFOUND
1382 http fetch GET https://registry.npmjs.org/toml/-/toml-3.0.0.tgz attempt 2 failed with ENOTFOUND
1383 http fetch GET https://registry.npmjs.org/satori/-/satori-0.19.1.tgz attempt 2 failed with ENOTFOUND
1384 http fetch GET https://registry.npmjs.org/remark-smartypants/-/remark-smartypants-3.0.2.tgz attempt 2 failed with ENOTFOUND
1385 http fetch GET https://registry.npmjs.org/node-fetch/-/node-fetch-2.6.13.tgz attempt 2 failed with ENOTFOUND
1386 http fetch GET https://registry.npmjs.org/tr46/-/tr46-0.0.3.tgz attempt 2 failed with ENOTFOUND
1387 http fetch GET https://registry.npmjs.org/npm attempt 3 failed with ENOTFOUND
1388 http fetch GET https://registry.npmjs.org/yargs/-/yargs-18.0.0.tgz attempt 3 failed with ENOTFOUND
1389 http fetch GET https://registry.npmjs.org/ws/-/ws-8.19.0.tgz attempt 3 failed with ENOTFOUND
1390 http fetch GET https://registry.npmjs.org/unist-util-visit/-/unist-util-visit-5.1.0.tgz attempt 3 failed with ENOTFOUND
1391 http fetch GET https://registry.npmjs.org/workerpool/-/workerpool-10.0.1.tgz attempt 3 failed with ENOTFOUND
1392 http fetch GET https://registry.npmjs.org/unified/-/unified-11.0.5.tgz attempt 3 failed with ENOTFOUND
1393 http fetch GET https://registry.npmjs.org/vfile/-/vfile-6.0.3.tgz attempt 3 failed with ENOTFOUND
1394 http fetch GET https://registry.npmjs.org/typescript/-/typescript-5.9.3.tgz attempt 3 failed with ENOTFOUND
1395 http fetch GET https://registry.npmjs.org/tsx/-/tsx-4.21.0.tgz attempt 3 failed with ENOTFOUND
1396 http fetch GET https://registry.npmjs.org/to-vfile/-/to-vfile-8.0.0.tgz attempt 3 failed with ENOTFOUND
1397 http fetch GET https://registry.npmjs.org/shiki/-/shiki-1.26.2.tgz attempt 3 failed with ENOTFOUND
1398 http fetch GET https://registry.npmjs.org/source-map-support/-/source-map-support-0.5.21.tgz attempt 3 failed with ENOTFOUND
1399 http fetch GET https://registry.npmjs.org/sharp/-/sharp-0.34.5.tgz attempt 3 failed with ENOTFOUND
1400 http fetch GET https://registry.npmjs.org/toml/-/toml-3.0.0.tgz attempt 3 failed with ENOTFOUND
1401 http fetch GET https://registry.npmjs.org/satori/-/satori-0.19.1.tgz attempt 3 failed with ENOTFOUND
1402 http fetch GET https://registry.npmjs.org/remark-smartypants/-/remark-smartypants-3.0.2.tgz attempt 3 failed with ENOTFOUND
1403 http fetch GET https://registry.npmjs.org/node-fetch/-/node-fetch-2.6.13.tgz attempt 3 failed with ENOTFOUND
1404 http fetch GET https://registry.npmjs.org/tr46/-/tr46-0.0.3.tgz attempt 3 failed with ENOTFOUND
1405 verbose cwd /Users/dannywchen/Documents/GitHub/my-wikipedia
1406 verbose os Darwin 25.5.0
1407 verbose node v24.3.0
1408 verbose npm  v11.11.1
1409 error Exit handler never called!
1410 error This is an error with npm itself. Please report this error at:
1411 error   <https://github.com/npm/cli/issues>
1412 verbose exit 1
1413 verbose code 1
1414 error A complete log of this run can be found in: /Users/dannywchen/Documents/GitHub/my-wikipedia/npm-cache/_logs/2026-04-30T05_02_41_262Z-debug-0.log
